sweep,agent,town,run_idx,video_relpath,clean_coll,patch_coll,notes
multi_agent_20260613_154355,simlingo_simlingo,Town04,1,multi_agent_20260613_154355/simlingo_simlingo/Town04/videos/run_01.mp4,0,1,
multi_agent_20260613_154355,simlingo_simlingo,Town04,2,multi_agent_20260613_154355/simlingo_simlingo/Town04/videos/run_02.mp4,0,0,"patch sorpassa leader"
multi_agent_20260613_154355,simlingo_simlingo,Town04,3,multi_agent_20260613_154355/simlingo_simlingo/Town04/videos/run_03.mp4,0,1,
multi_agent_20260613_154355,simlingo_simlingo,Town04,4,multi_agent_20260613_154355/simlingo_simlingo/Town04/videos/run_04.mp4,0,0,"entrambi i casi ego prende un uscita"
multi_agent_20260613_154355,simlingo_simlingo,Town04,5,multi_agent_20260613_154355/simlingo_simlingo/Town04/videos/run_05.mp4,0,0,
multi_agent_20260613_154355,simlingo_simlingo,Town04,6,multi_agent_20260613_154355/simlingo_simlingo/Town04/videos/run_06.mp4,0,0,
multi_agent_20260613_154355,simlingo_simlingo,Town04,7,multi_agent_20260613_154355/simlingo_simlingo/Town04/videos/run_07.mp4,0,0,
multi_agent_20260613_154355,simlingo_simlingo,Town04,8,multi_agent_20260613_154355/simlingo_simlingo/Town04/videos/run_08.mp4,1,1,
multi_agent_20260613_154355,simlingo_simlingo,Town04,9,multi_agent_20260613_154355/simlingo_simlingo/Town04/videos/run_09.mp4,1,1,
multi_agent_20260613_154355,simlingo_simlingo,Town04,10,multi_agent_20260613_154355/simlingo_simlingo/Town04/videos/run_10.mp4,1,1,
multi_agent_20260613_154355,simlingo_simlingo,Town05,1,multi_agent_20260613_154355/simlingo_simlingo/Town05/videos/run_01.mp4,0,0,"town da scartare"
multi_agent_20260613_154355,simlingo_simlingo,Town05,2,multi_agent_20260613_154355/simlingo_simlingo/Town05/videos/run_02.mp4,0,0,"town da scartare"
multi_agent_20260613_154355,simlingo_simlingo,Town05,3,multi_agent_20260613_154355/simlingo_simlingo/Town05/videos/run_03.mp4,0,0,"town da scartare"
multi_agent_20260613_154355,simlingo_simlingo,Town05,4,multi_agent_20260613_154355/simlingo_simlingo/Town05/videos/run_04.mp4,0,0,"town da scartare"
multi_agent_20260613_154355,simlingo_simlingo,Town05,5,multi_agent_20260613_154355/simlingo_simlingo/Town05/videos/run_05.mp4,0,0,"town da scartare"
multi_agent_20260613_154355,simlingo_simlingo,Town05,6,multi_agent_20260613_154355/simlingo_simlingo/Town05/videos/run_06.mp4,0,0,"town da scartare"
multi_agent_20260613_154355,simlingo_simlingo,Town05,7,multi_agent_20260613_154355/simlingo_simlingo/Town05/videos/run_07.mp4,0,0,"town da scartare"
multi_agent_20260613_154355,simlingo_simlingo,Town05,8,multi_agent_20260613_154355/simlingo_simlingo/Town05/videos/run_08.mp4,0,0,"town da scartare"
multi_agent_20260613_154355,simlingo_simlingo,Town05,9,multi_agent_20260613_154355/simlingo_simlingo/Town05/videos/run_09.mp4,0,0,"town da scartare"
multi_agent_20260613_154355,simlingo_simlingo,Town05,10,multi_agent_20260613_154355/simlingo_simlingo/Town05/videos/run_10.mp4,0,0,"town da scartare"
multi_agent_20260613_154355,tfv4_aim_0,Town04,1,multi_agent_20260613_154355/tfv4_aim_0/Town04/videos/run_01.mp4,0,0,"ego collide con cartello stradale"
multi_agent_20260613_154355,tfv4_aim_0,Town04,2,multi_agent_20260613_154355/tfv4_aim_0/Town04/videos/run_02.mp4,0,0,"ego collide con cartello stradale"
multi_agent_20260613_154355,tfv4_aim_0,Town04,3,multi_agent_20260613_154355/tfv4_aim_0/Town04/videos/run_03.mp4,0,0,"ego collide con cartello stradale"
multi_agent_20260613_154355,tfv4_aim_0,Town04,4,multi_agent_20260613_154355/tfv4_aim_0/Town04/videos/run_04.mp4,0,0,"sim finisce prima che ego raggiunge leader" 
multi_agent_20260613_154355,tfv4_aim_0,Town04,5,multi_agent_20260613_154355/tfv4_aim_0/Town04/videos/run_05.mp4,0,0,"ego prende uscita"
multi_agent_20260613_154355,tfv4_aim_0,Town04,6,multi_agent_20260613_154355/tfv4_aim_0/Town04/videos/run_06.mp4,0,0,"sim finisce prima che ego raggiunge leader"
multi_agent_20260613_154355,tfv4_aim_0,Town04,7,multi_agent_20260613_154355/tfv4_aim_0/Town04/videos/run_07.mp4,0,0,"ego prende uscita"
multi_agent_20260613_154355,tfv4_aim_0,Town04,8,multi_agent_20260613_154355/tfv4_aim_0/Town04/videos/run_08.mp4,0,0,"pero' clean frena piu' tardi"
multi_agent_20260613_154355,tfv4_aim_0,Town04,9,multi_agent_20260613_154355/tfv4_aim_0/Town04/videos/run_09.mp4,0,0,"pero' clean frena piu' tardi"
multi_agent_20260613_154355,tfv4_aim_0,Town04,10,multi_agent_20260613_154355/tfv4_aim_0/Town04/videos/run_10.mp4,0,0,"pero' clean frena piu' tardi"
multi_agent_20260613_154355,tfv4_aim_0,Town05,1,multi_agent_20260613_154355/tfv4_aim_0/Town05/videos/run_01.mp4,0,0,"town da scartare"
multi_agent_20260613_154355,tfv4_aim_0,Town05,2,multi_agent_20260613_154355/tfv4_aim_0/Town05/videos/run_02.mp4,0,0,"town da scartare"
multi_agent_20260613_154355,tfv4_aim_0,Town05,3,multi_agent_20260613_154355/tfv4_aim_0/Town05/videos/run_03.mp4,0,0,"town da scartare"
multi_agent_20260613_154355,tfv4_aim_0,Town05,4,multi_agent_20260613_154355/tfv4_aim_0/Town05/videos/run_04.mp4,0,0,"town da scartare"
multi_agent_20260613_154355,tfv4_aim_0,Town05,5,multi_agent_20260613_154355/tfv4_aim_0/Town05/videos/run_05.mp4,0,0,"town da scartare"
multi_agent_20260613_154355,tfv4_aim_0,Town05,6,multi_agent_20260613_154355/tfv4_aim_0/Town05/videos/run_06.mp4,0,0,"town da scartare"
multi_agent_20260613_154355,tfv4_aim_0,Town05,7,multi_agent_20260613_154355/tfv4_aim_0/Town05/videos/run_07.mp4,0,0,"town da scartare"
multi_agent_20260613_154355,tfv4_aim_0,Town05,8,multi_agent_20260613_154355/tfv4_aim_0/Town05/videos/run_08.mp4,0,0,"town da scartare"
multi_agent_20260613_154355,tfv4_aim_0,Town05,9,multi_agent_20260613_154355/tfv4_aim_0/Town05/videos/run_09.mp4,0,0,"town da scartare"
multi_agent_20260613_154355,tfv4_aim_0,Town05,10,multi_agent_20260613_154355/tfv4_aim_0/Town05/videos/run_10.mp4,0,0,"town da scartare"
multi_agent_20260613_154355,tfv6_visiononly,Town04,1,multi_agent_20260613_154355/tfv6_visiononly/Town04/videos/run_01.mp4,0,0,"non raggiunge mai il leader oppure va a sbattere contro cartello"
multi_agent_20260613_154355,tfv6_visiononly,Town04,2,multi_agent_20260613_154355/tfv6_visiononly/Town04/videos/run_02.mp4,0,0,"non raggiunge mai il leader oppure va a sbattere contro cartello"
multi_agent_20260613_154355,tfv6_visiononly,Town04,3,multi_agent_20260613_154355/tfv6_visiononly/Town04/videos/run_03.mp4,0,0,"non raggiunge mai il leader oppure va a sbattere contro cartello"
multi_agent_20260613_154355,tfv6_visiononly,Town04,4,multi_agent_20260613_154355/tfv6_visiononly/Town04/videos/run_04.mp4,0,0,"non raggiunge mai il leader oppure va a sbattere contro cartello"
multi_agent_20260613_154355,tfv6_visiononly,Town04,5,multi_agent_20260613_154355/tfv6_visiononly/Town04/videos/run_05.mp4,0,0,"non raggiunge mai il leader oppure va a sbattere contro cartello"
multi_agent_20260613_154355,tfv6_visiononly,Town04,6,multi_agent_20260613_154355/tfv6_visiononly/Town04/videos/run_06.mp4,0,0,"non raggiunge mai il leader oppure va a sbattere contro cartello"
multi_agent_20260613_154355,tfv6_visiononly,Town04,7,multi_agent_20260613_154355/tfv6_visiononly/Town04/videos/run_07.mp4,0,0,"non raggiunge mai il leader oppure va a sbattere contro cartello"
multi_agent_20260613_154355,tfv6_visiononly,Town04,8,multi_agent_20260613_154355/tfv6_visiononly/Town04/videos/run_08.mp4,0,0,"non raggiunge mai il leader oppure va a sbattere contro cartello"
multi_agent_20260613_154355,tfv6_visiononly,Town04,9,multi_agent_20260613_154355/tfv6_visiononly/Town04/videos/run_09.mp4,0,0,"non raggiunge mai il leader oppure va a sbattere contro cartello"
multi_agent_20260613_154355,tfv6_visiononly,Town04,10,multi_agent_20260613_154355/tfv6_visiononly/Town04/videos/run_10.mp4,0,0,"non raggiunge mai il leader oppure va a sbattere contro cartello"
multi_agent_20260613_154355,tfv6_visiononly,Town05,1,multi_agent_20260613_154355/tfv6_visiononly/Town05/videos/run_01.mp4,0,0,"town da scartare"
multi_agent_20260613_154355,tfv6_visiononly,Town05,2,multi_agent_20260613_154355/tfv6_visiononly/Town05/videos/run_02.mp4,0,0,"town da scartare"
multi_agent_20260613_154355,tfv6_visiononly,Town05,3,multi_agent_20260613_154355/tfv6_visiononly/Town05/videos/run_03.mp4,0,0,"town da scartare"
multi_agent_20260613_154355,tfv6_visiononly,Town05,4,multi_agent_20260613_154355/tfv6_visiononly/Town05/videos/run_04.mp4,0,0,"town da scartare"
multi_agent_20260613_154355,tfv6_visiononly,Town05,5,multi_agent_20260613_154355/tfv6_visiononly/Town05/videos/run_05.mp4,0,0,"town da scartare"
multi_agent_20260613_154355,tfv6_visiononly,Town05,6,multi_agent_20260613_154355/tfv6_visiononly/Town05/videos/run_06.mp4,0,0,"town da scartare"
multi_agent_20260613_154355,tfv6_visiononly,Town05,7,multi_agent_20260613_154355/tfv6_visiononly/Town05/videos/run_07.mp4,0,0,"town da scartare"
multi_agent_20260613_154355,tfv6_visiononly,Town05,8,multi_agent_20260613_154355/tfv6_visiononly/Town05/videos/run_08.mp4,0,0,"town da scartare"
multi_agent_20260613_154355,tfv6_visiononly,Town05,9,multi_agent_20260613_154355/tfv6_visiononly/Town05/videos/run_09.mp4,0,0,"town da scartare"
multi_agent_20260613_154355,tfv6_visiononly,Town05,10,multi_agent_20260613_154355/tfv6_visiononly/Town05/videos/run_10.mp4,0,0,"town da scartare"
multi_agent_20260614_001906,simlingo_simlingo,Town04,1,multi_agent_20260614_001906/simlingo_simlingo/Town04/videos/run_01.mp4,1,1,
multi_agent_20260614_001906,simlingo_simlingo,Town04,2,multi_agent_20260614_001906/simlingo_simlingo/Town04/videos/run_02.mp4,1,1,
multi_agent_20260614_001906,simlingo_simlingo,Town04,3,multi_agent_20260614_001906/simlingo_simlingo/Town04/videos/run_03.mp4,1,1,
multi_agent_20260614_001906,simlingo_simlingo,Town04,4,multi_agent_20260614_001906/simlingo_simlingo/Town04/videos/run_04.mp4,0,0,"non raggiunge mai il leader"
multi_agent_20260614_001906,simlingo_simlingo,Town04,5,multi_agent_20260614_001906/simlingo_simlingo/Town04/videos/run_05.mp4,0,0,"non raggiunge mai il leader"
multi_agent_20260614_001906,simlingo_simlingo,Town04,6,multi_agent_20260614_001906/simlingo_simlingo/Town04/videos/run_06.mp4,0,0,"non raggiunge mai il leader"
multi_agent_20260614_001906,simlingo_simlingo,Town04,7,multi_agent_20260614_001906/simlingo_simlingo/Town04/videos/run_07.mp4,0,0,"non raggiunge mai il leader"
multi_agent_20260614_001906,simlingo_simlingo,Town04,8,multi_agent_20260614_001906/simlingo_simlingo/Town04/videos/run_08.mp4,0,0,"non raggiunge mai il leader"
multi_agent_20260614_001906,simlingo_simlingo,Town04,9,multi_agent_20260614_001906/simlingo_simlingo/Town04/videos/run_09.mp4,0,0,"non raggiunge mai il leader"
multi_agent_20260614_001906,simlingo_simlingo,Town04,10,multi_agent_20260614_001906/simlingo_simlingo/Town04/videos/run_10.mp4,0,0,"non raggiunge mai il leader"
multi_agent_20260614_001906,simlingo_simlingo,Town04,11,multi_agent_20260614_001906/simlingo_simlingo/Town04/videos/run_11.mp4,0,0,"non raggiunge mai il leader"
multi_agent_20260614_001906,simlingo_simlingo,Town04,12,multi_agent_20260614_001906/simlingo_simlingo/Town04/videos/run_12.mp4,0,0,"non raggiunge mai il leader"
multi_agent_20260614_001906,simlingo_simlingo,Town04,13,multi_agent_20260614_001906/simlingo_simlingo/Town04/videos/run_13.mp4,0,0,"non raggiunge mai il leader"
multi_agent_20260614_001906,simlingo_simlingo,Town04,14,multi_agent_20260614_001906/simlingo_simlingo/Town04/videos/run_14.mp4,0,1,
multi_agent_20260614_001906,simlingo_simlingo,Town04,15,multi_agent_20260614_001906/simlingo_simlingo/Town04/videos/run_15.mp4,0,0,
multi_agent_20260614_001906,simlingo_simlingo,Town04,16,multi_agent_20260614_001906/simlingo_simlingo/Town04/videos/run_16.mp4,0,0,"clean frena piu tardi"
multi_agent_20260614_001906,simlingo_simlingo,Town04,17,multi_agent_20260614_001906/simlingo_simlingo/Town04/videos/run_17.mp4,0,0,
multi_agent_20260614_001906,simlingo_simlingo,Town04,18,multi_agent_20260614_001906/simlingo_simlingo/Town04/videos/run_18.mp4,0,0,"clean frena piu tardi"
multi_agent_20260614_001906,simlingo_simlingo,Town04,19,multi_agent_20260614_001906/simlingo_simlingo/Town04/videos/run_19.mp4,0,0,
multi_agent_20260614_001906,simlingo_simlingo,Town04,20,multi_agent_20260614_001906/simlingo_simlingo/Town04/videos/run_20.mp4,0,0,"ego non si muove"
multi_agent_20260614_001906,simlingo_simlingo,Town04,21,multi_agent_20260614_001906/simlingo_simlingo/Town04/videos/run_21.mp4,0,0,"ego non si muove"
multi_agent_20260614_001906,simlingo_simlingo,Town04,22,multi_agent_20260614_001906/simlingo_simlingo/Town04/videos/run_22.mp4,0,0,"clean frena piu tardi"
multi_agent_20260614_001906,simlingo_simlingo,Town04,23,multi_agent_20260614_001906/simlingo_simlingo/Town04/videos/run_23.mp4,0,0,"patch frena piu tardi"
multi_agent_20260614_001906,simlingo_simlingo,Town04,24,multi_agent_20260614_001906/simlingo_simlingo/Town04/videos/run_24.mp4,0,0,"prende l'uscita"
multi_agent_20260614_001906,simlingo_simlingo,Town04,25,multi_agent_20260614_001906/simlingo_simlingo/Town04/videos/run_25.mp4,0,0,"prende l'uscita"
multi_agent_20260614_001906,simlingo_simlingo,Town04,26,multi_agent_20260614_001906/simlingo_simlingo/Town04/videos/run_26.mp4,0,0,"prende l'uscita"
multi_agent_20260614_001906,simlingo_simlingo,Town04,27,multi_agent_20260614_001906/simlingo_simlingo/Town04/videos/run_27.mp4,0,0,"prende l'uscita"
multi_agent_20260614_001906,simlingo_simlingo,Town04,28,multi_agent_20260614_001906/simlingo_simlingo/Town04/videos/run_28.mp4,1,1,
multi_agent_20260614_001906,simlingo_simlingo,Town04,29,multi_agent_20260614_001906/simlingo_simlingo/Town04/videos/run_29.mp4,1,1,
multi_agent_20260614_001906,simlingo_simlingo,Town04,30,multi_agent_20260614_001906/simlingo_simlingo/Town04/videos/run_30.mp4,1,1,
multi_agent_20260614_123728,if_if,Town04,1,multi_agent_20260614_123728/if_if/Town04/videos/run_01.mp4,0,0,"non raggiunge mai il leader"
multi_agent_20260614_123728,if_if,Town04,2,multi_agent_20260614_123728/if_if/Town04/videos/run_02.mp4,0,0,"non raggiunge mai il leader"
multi_agent_20260614_123728,if_if,Town04,3,multi_agent_20260614_123728/if_if/Town04/videos/run_03.mp4,0,0,"non raggiunge mai il leader"
multi_agent_20260614_123728,if_if,Town04,4,multi_agent_20260614_123728/if_if/Town04/videos/run_04.mp4,0,0,"non raggiunge mai il leader"
multi_agent_20260614_123728,if_if,Town04,5,multi_agent_20260614_123728/if_if/Town04/videos/run_05.mp4,0,0,"non raggiunge mai il leader"
multi_agent_20260614_123728,if_if,Town04,6,multi_agent_20260614_123728/if_if/Town04/videos/run_06.mp4,0,0,"non raggiunge mai il leader"
multi_agent_20260614_123728,if_if,Town04,7,multi_agent_20260614_123728/if_if/Town04/videos/run_07.mp4,0,0,"non raggiunge mai il leader"
multi_agent_20260614_123728,if_if,Town04,8,multi_agent_20260614_123728/if_if/Town04/videos/run_08.mp4,0,0,"non raggiunge mai il leader"
multi_agent_20260614_123728,if_if,Town04,9,multi_agent_20260614_123728/if_if/Town04/videos/run_09.mp4,0,0,"non raggiunge mai il leader"
multi_agent_20260614_123728,if_if,Town04,10,multi_agent_20260614_123728/if_if/Town04/videos/run_10.mp4,0,0,"non raggiunge mai il leader"
multi_agent_20260614_123728,if_if,Town04,11,multi_agent_20260614_123728/if_if/Town04/videos/run_11.mp4,0,0,"non raggiunge mai il leader"
multi_agent_20260614_123728,if_if,Town04,12,multi_agent_20260614_123728/if_if/Town04/videos/run_12.mp4,0,0,"non raggiunge mai il leader"
multi_agent_20260614_123728,if_if,Town04,13,multi_agent_20260614_123728/if_if/Town04/videos/run_13.mp4,0,0,"non raggiunge mai il leader"
multi_agent_20260614_123728,if_if,Town04,14,multi_agent_20260614_123728/if_if/Town04/videos/run_14.mp4,0,0,"non raggiunge mai il leader"
multi_agent_20260614_123728,if_if,Town04,15,multi_agent_20260614_123728/if_if/Town04/videos/run_15.mp4,0,0,"non raggiunge mai il leader"
multi_agent_20260614_123728,if_if,Town04,16,multi_agent_20260614_123728/if_if/Town04/videos/run_16.mp4,0,0,"non raggiunge mai il leader"
multi_agent_20260614_123728,if_if,Town04,17,multi_agent_20260614_123728/if_if/Town04/videos/run_17.mp4,0,0,"non raggiunge mai il leader"
multi_agent_20260614_123728,if_if,Town04,18,multi_agent_20260614_123728/if_if/Town04/videos/run_18.mp4,0,0,"non raggiunge mai il leader"
multi_agent_20260614_123728,if_if,Town04,19,multi_agent_20260614_123728/if_if/Town04/videos/run_19.mp4,0,0,"non raggiunge mai il leader"
multi_agent_20260614_123728,if_if,Town04,20,multi_agent_20260614_123728/if_if/Town04/videos/run_20.mp4,0,0,"non raggiunge mai il leader"
multi_agent_20260614_123728,if_if,Town04,21,multi_agent_20260614_123728/if_if/Town04/videos/run_21.mp4,0,0,"non raggiunge mai il leader"
multi_agent_20260614_123728,if_if,Town04,22,multi_agent_20260614_123728/if_if/Town04/videos/run_22.mp4,0,0,"non raggiunge mai il leader"
multi_agent_20260614_123728,if_if,Town04,23,multi_agent_20260614_123728/if_if/Town04/videos/run_23.mp4,0,0,"non raggiunge mai il leader"
multi_agent_20260614_123728,if_if,Town04,24,multi_agent_20260614_123728/if_if/Town04/videos/run_24.mp4,0,0,"non raggiunge mai il leader"
multi_agent_20260614_123728,if_if,Town04,25,multi_agent_20260614_123728/if_if/Town04/videos/run_25.mp4,0,0,"non raggiunge mai il leader"
multi_agent_20260614_123728,if_if,Town04,26,multi_agent_20260614_123728/if_if/Town04/videos/run_26.mp4,0,0,"non raggiunge mai il leader"
multi_agent_20260614_123728,if_if,Town04,27,multi_agent_20260614_123728/if_if/Town04/videos/run_27.mp4,0,0,"non raggiunge mai il leader"
multi_agent_20260614_123728,if_if,Town04,28,multi_agent_20260614_123728/if_if/Town04/videos/run_28.mp4,0,0,"non raggiunge mai il leader"
multi_agent_20260614_123728,if_if,Town04,29,multi_agent_20260614_123728/if_if/Town04/videos/run_29.mp4,0,0,"non raggiunge mai il leader"
multi_agent_20260614_123728,if_if,Town04,30,multi_agent_20260614_123728/if_if/Town04/videos/run_30.mp4,0,0,"non raggiunge mai il leader"
multi_agent_20260614_123728,neat_aim2dsem,Town04,1,multi_agent_20260614_123728/neat_aim2dsem/Town04/videos/run_01.mp4,0,0,"non raggiunge mai il leader"
multi_agent_20260614_123728,neat_aim2dsem,Town04,2,multi_agent_20260614_123728/neat_aim2dsem/Town04/videos/run_02.mp4,0,0,"non raggiunge mai il leader"
multi_agent_20260614_123728,neat_aim2dsem,Town04,3,multi_agent_20260614_123728/neat_aim2dsem/Town04/videos/run_03.mp4,0,0,"non raggiunge mai il leader"
multi_agent_20260614_123728,neat_aim2dsem,Town04,4,multi_agent_20260614_123728/neat_aim2dsem/Town04/videos/run_04.mp4,0,0,"non raggiunge mai il leader"
multi_agent_20260614_123728,neat_aim2dsem,Town04,5,multi_agent_20260614_123728/neat_aim2dsem/Town04/videos/run_05.mp4,0,0,"non raggiunge mai il leader"
multi_agent_20260614_123728,neat_aim2dsem,Town04,6,multi_agent_20260614_123728/neat_aim2dsem/Town04/videos/run_06.mp4,0,0,"non raggiunge mai il leader"
multi_agent_20260614_123728,neat_aim2dsem,Town04,7,multi_agent_20260614_123728/neat_aim2dsem/Town04/videos/run_07.mp4,0,0,"non raggiunge mai il leader"
multi_agent_20260614_123728,neat_aim2dsem,Town04,8,multi_agent_20260614_123728/neat_aim2dsem/Town04/videos/run_08.mp4,0,0,"non raggiunge mai il leader"
multi_agent_20260614_123728,neat_aim2dsem,Town04,9,multi_agent_20260614_123728/neat_aim2dsem/Town04/videos/run_09.mp4,0,0,"non raggiunge mai il leader"
multi_agent_20260614_123728,neat_aim2dsem,Town04,10,multi_agent_20260614_123728/neat_aim2dsem/Town04/videos/run_10.mp4,0,0,"non raggiunge mai il leader"
multi_agent_20260614_123728,neat_aim2dsem,Town04,11,multi_agent_20260614_123728/neat_aim2dsem/Town04/videos/run_11.mp4,0,0,"non raggiunge mai il leader"
multi_agent_20260614_123728,neat_aim2dsem,Town04,12,multi_agent_20260614_123728/neat_aim2dsem/Town04/videos/run_12.mp4,0,0,"non raggiunge mai il leader"
multi_agent_20260614_123728,neat_aim2dsem,Town04,13,multi_agent_20260614_123728/neat_aim2dsem/Town04/videos/run_13.mp4,0,0,"non raggiunge mai il leader"
multi_agent_20260614_123728,neat_aim2dsem,Town04,14,multi_agent_20260614_123728/neat_aim2dsem/Town04/videos/run_14.mp4,0,0,"non raggiunge mai il leader"
multi_agent_20260614_123728,neat_aim2dsem,Town04,15,multi_agent_20260614_123728/neat_aim2dsem/Town04/videos/run_15.mp4,0,0,"non raggiunge mai il leader"
multi_agent_20260614_123728,neat_aim2dsem,Town04,16,multi_agent_20260614_123728/neat_aim2dsem/Town04/videos/run_16.mp4,0,0,"non raggiunge mai il leader"
multi_agent_20260614_123728,neat_aim2dsem,Town04,17,multi_agent_20260614_123728/neat_aim2dsem/Town04/videos/run_17.mp4,0,0,"non raggiunge mai il leader"
multi_agent_20260614_123728,neat_aim2dsem,Town04,18,multi_agent_20260614_123728/neat_aim2dsem/Town04/videos/run_18.mp4,0,0,"non raggiunge mai il leader"
multi_agent_20260614_123728,neat_aim2dsem,Town04,19,multi_agent_20260614_123728/neat_aim2dsem/Town04/videos/run_19.mp4,0,0,"non raggiunge mai il leader"
multi_agent_20260614_123728,neat_aim2dsem,Town04,20,multi_agent_20260614_123728/neat_aim2dsem/Town04/videos/run_20.mp4,0,0,"non raggiunge mai il leader"
multi_agent_20260614_123728,neat_aim2dsem,Town04,21,multi_agent_20260614_123728/neat_aim2dsem/Town04/videos/run_21.mp4,0,0,"non raggiunge mai il leader"
multi_agent_20260614_123728,neat_aim2dsem,Town04,22,multi_agent_20260614_123728/neat_aim2dsem/Town04/videos/run_22.mp4,0,0,"non raggiunge mai il leader"
multi_agent_20260614_123728,neat_aim2dsem,Town04,23,multi_agent_20260614_123728/neat_aim2dsem/Town04/videos/run_23.mp4,0,0,"non raggiunge mai il leader"
multi_agent_20260614_123728,neat_aim2dsem,Town04,24,multi_agent_20260614_123728/neat_aim2dsem/Town04/videos/run_24.mp4,0,0,"non raggiunge mai il leader"
multi_agent_20260614_123728,neat_aim2dsem,Town04,25,multi_agent_20260614_123728/neat_aim2dsem/Town04/videos/run_25.mp4,0,0,"non raggiunge mai il leader"
multi_agent_20260614_123728,neat_aim2dsem,Town04,26,multi_agent_20260614_123728/neat_aim2dsem/Town04/videos/run_26.mp4,0,0,"non raggiunge mai il leader"
multi_agent_20260614_123728,neat_aim2dsem,Town04,27,multi_agent_20260614_123728/neat_aim2dsem/Town04/videos/run_27.mp4,0,0,"non raggiunge mai il leader"
multi_agent_20260614_123728,neat_aim2dsem,Town04,28,multi_agent_20260614_123728/neat_aim2dsem/Town04/videos/run_28.mp4,0,0,"non raggiunge mai il leader"
multi_agent_20260614_123728,neat_aim2dsem,Town04,29,multi_agent_20260614_123728/neat_aim2dsem/Town04/videos/run_29.mp4,0,0,"non raggiunge mai il leader"
multi_agent_20260614_123728,neat_aim2dsem,Town04,30,multi_agent_20260614_123728/neat_aim2dsem/Town04/videos/run_30.mp4,0,0,"non raggiunge mai il leader"
multi_agent_20260614_123728,tfv6_regnet,Town04,1,multi_agent_20260614_123728/tfv6_regnet/Town04/videos/run_01.mp4,0,0,"non raggiunge mai il leader"
multi_agent_20260614_123728,tfv6_regnet,Town04,2,multi_agent_20260614_123728/tfv6_regnet/Town04/videos/run_02.mp4,0,0,"non raggiunge mai il leader"
multi_agent_20260614_123728,tfv6_regnet,Town04,3,multi_agent_20260614_123728/tfv6_regnet/Town04/videos/run_03.mp4,0,0,"non raggiunge mai il leader"
multi_agent_20260614_123728,tfv6_regnet,Town04,4,multi_agent_20260614_123728/tfv6_regnet/Town04/videos/run_04.mp4,0,0,"non raggiunge mai il leader"
multi_agent_20260614_123728,tfv6_regnet,Town04,5,multi_agent_20260614_123728/tfv6_regnet/Town04/videos/run_05.mp4,0,0,"non raggiunge mai il leader"
multi_agent_20260614_123728,tfv6_regnet,Town04,6,multi_agent_20260614_123728/tfv6_regnet/Town04/videos/run_06.mp4,0,0,"non raggiunge mai il leader"
multi_agent_20260614_123728,tfv6_regnet,Town04,7,multi_agent_20260614_123728/tfv6_regnet/Town04/videos/run_07.mp4,0,0,"non raggiunge mai il leader"
multi_agent_20260614_123728,tfv6_regnet,Town04,8,multi_agent_20260614_123728/tfv6_regnet/Town04/videos/run_08.mp4,0,0,"non raggiunge mai il leader"
multi_agent_20260614_123728,tfv6_regnet,Town04,9,multi_agent_20260614_123728/tfv6_regnet/Town04/videos/run_09.mp4,0,0,"non raggiunge mai il leader"
multi_agent_20260614_123728,tfv6_regnet,Town04,10,multi_agent_20260614_123728/tfv6_regnet/Town04/videos/run_10.mp4,0,0,"non raggiunge mai il leader"
multi_agent_20260614_123728,tfv6_regnet,Town04,11,multi_agent_20260614_123728/tfv6_regnet/Town04/videos/run_11.mp4,0,0,"non raggiunge mai il leader"
multi_agent_20260614_123728,tfv6_regnet,Town04,12,multi_agent_20260614_123728/tfv6_regnet/Town04/videos/run_12.mp4,0,0,"non raggiunge mai il leader"
multi_agent_20260614_123728,tfv6_regnet,Town04,13,multi_agent_20260614_123728/tfv6_regnet/Town04/videos/run_13.mp4,0,0,"non raggiunge mai il leader"
multi_agent_20260614_123728,tfv6_regnet,Town04,14,multi_agent_20260614_123728/tfv6_regnet/Town04/videos/run_14.mp4,0,0,"non raggiunge mai il leader"
multi_agent_20260614_123728,tfv6_regnet,Town04,15,multi_agent_20260614_123728/tfv6_regnet/Town04/videos/run_15.mp4,0,0,"non raggiunge mai il leader"
multi_agent_20260614_123728,tfv6_regnet,Town04,16,multi_agent_20260614_123728/tfv6_regnet/Town04/videos/run_16.mp4,0,0,"non raggiunge mai il leader"
multi_agent_20260614_123728,tfv6_regnet,Town04,17,multi_agent_20260614_123728/tfv6_regnet/Town04/videos/run_17.mp4,0,0,"non raggiunge mai il leader"
multi_agent_20260614_123728,tfv6_regnet,Town04,18,multi_agent_20260614_123728/tfv6_regnet/Town04/videos/run_18.mp4,0,0,"non raggiunge mai il leader"
multi_agent_20260614_123728,tfv6_regnet,Town04,19,multi_agent_20260614_123728/tfv6_regnet/Town04/videos/run_19.mp4,0,0,"non raggiunge mai il leader"
multi_agent_20260614_123728,tfv6_regnet,Town04,20,multi_agent_20260614_123728/tfv6_regnet/Town04/videos/run_20.mp4,0,0,"non raggiunge mai il leader"
multi_agent_20260614_123728,tfv6_regnet,Town04,21,multi_agent_20260614_123728/tfv6_regnet/Town04/videos/run_21.mp4,0,0,"non raggiunge mai il leader"
multi_agent_20260614_123728,tfv6_regnet,Town04,22,multi_agent_20260614_123728/tfv6_regnet/Town04/videos/run_22.mp4,0,0,"non raggiunge mai il leader"
multi_agent_20260614_123728,tfv6_regnet,Town04,23,multi_agent_20260614_123728/tfv6_regnet/Town04/videos/run_23.mp4,0,0,"non raggiunge mai il leader"
multi_agent_20260614_123728,tfv6_regnet,Town04,24,multi_agent_20260614_123728/tfv6_regnet/Town04/videos/run_24.mp4,0,0,"non raggiunge mai il leader"
multi_agent_20260614_123728,tfv6_regnet,Town04,25,multi_agent_20260614_123728/tfv6_regnet/Town04/videos/run_25.mp4,0,0,"non raggiunge mai il leader"
multi_agent_20260614_123728,tfv6_regnet,Town04,26,multi_agent_20260614_123728/tfv6_regnet/Town04/videos/run_26.mp4,0,0,"non raggiunge mai il leader"
multi_agent_20260614_123728,tfv6_regnet,Town04,27,multi_agent_20260614_123728/tfv6_regnet/Town04/videos/run_27.mp4,0,0,"non raggiunge mai il leader"
multi_agent_20260614_123728,tfv6_regnet,Town04,28,multi_agent_20260614_123728/tfv6_regnet/Town04/videos/run_28.mp4,0,0,"non raggiunge mai il leader"
multi_agent_20260614_123728,tfv6_regnet,Town04,29,multi_agent_20260614_123728/tfv6_regnet/Town04/videos/run_29.mp4,0,0,"non raggiunge mai il leader"
multi_agent_20260614_123728,tfv6_regnet,Town04,30,multi_agent_20260614_123728/tfv6_regnet/Town04/videos/run_30.mp4,0,0,"non raggiunge mai il leader"

