tick,sim_time_s,phase,leader_x,leader_y,leader_speed_kmh,follower_x,follower_y,follower_speed_kmh,distance_m,ttc_s,collision_detected
0,0.0,cruise,583.246,-24.09,20.48,593.246,-24.016,20.5,10.0,1940.438,0
1,0.05,cruise,582.978,-24.092,19.77,593.062,-24.018,10.44,10.084,-1,0
2,0.1,cruise,582.709,-24.094,19.61,592.986,-24.018,2.79,10.277,-1,0
3,0.15,cruise,582.441,-24.096,19.27,592.98,-24.018,0.3,10.54,-1,0
4,0.2,cruise,582.172,-24.098,19.4,592.98,-24.018,0.65,10.809,-1,0
5,0.25,cruise,581.903,-24.1,19.36,592.98,-24.018,0.7,11.078,-1,0
6,0.3,cruise,581.632,-24.101,19.73,592.98,-24.018,0.62,11.348,-1,0
7,0.35,cruise,581.353,-24.104,20.44,592.979,-24.018,0.51,11.627,-1,0
8,0.4,cruise,581.061,-24.106,21.36,592.979,-24.018,0.39,11.918,-1,0
9,0.45,cruise,580.758,-24.108,22.17,592.979,-24.018,0.29,12.221,-1,0
10,0.5,cruise,580.442,-24.11,23.18,592.979,-24.018,0.21,12.538,-1,0
11,0.55,cruise,580.112,-24.113,24.06,592.979,-24.018,0.15,12.867,-1,0
12,0.6,cruise,579.77,-24.115,25.1,592.979,-24.018,0.1,13.21,-1,0
13,0.65,cruise,579.413,-24.118,26.0,592.972,-24.018,1.33,13.559,-1,0
14,0.7,cruise,579.044,-24.12,27.06,592.928,-24.019,4.37,13.885,-1,0
15,0.75,cruise,578.66,-24.123,27.98,592.849,-24.019,6.62,14.189,-1,0
16,0.8,cruise,578.263,-24.126,29.04,592.742,-24.02,8.25,14.48,-1,0
17,0.85,cruise,577.852,-24.129,29.95,592.617,-24.021,9.47,14.766,-1,0
18,0.9,cruise,577.427,-24.132,31.01,592.481,-24.022,9.96,15.054,-1,0
19,0.95,cruise,576.989,-24.135,31.92,592.34,-24.023,10.2,15.352,-1,0
20,1.0,cruise,576.536,-24.139,32.96,592.196,-24.024,10.52,15.66,-1,0
21,1.05,cruise,576.071,-24.142,33.88,592.046,-24.025,11.04,15.976,-1,0
22,1.1,cruise,575.592,-24.146,34.92,591.887,-24.026,11.75,16.296,-1,0
23,1.15,cruise,575.099,-24.149,35.85,591.716,-24.028,12.67,16.618,-1,0
24,1.2,cruise,574.592,-24.153,36.9,591.532,-24.029,13.64,16.94,-1,0
25,1.25,cruise,574.072,-24.157,37.87,591.335,-24.03,14.62,17.263,-1,0
26,1.3,cruise,573.538,-24.161,38.84,591.123,-24.032,15.6,17.586,-1,0
27,1.35,cruise,572.993,-24.165,39.46,590.899,-24.034,16.57,17.907,-1,0
28,1.4,cruise,572.442,-24.169,39.76,590.66,-24.035,17.54,18.219,-1,0
29,1.45,cruise,571.89,-24.173,39.66,590.409,-24.037,18.51,18.519,-1,0
30,1.5,cruise,571.341,-24.177,39.45,590.144,-24.039,19.34,18.804,-1,0
31,1.55,cruise,570.796,-24.181,39.05,589.875,-24.041,19.49,19.079,-1,0
32,1.6,cruise,570.257,-24.185,38.72,589.602,-24.043,19.77,19.346,-1,0
33,1.65,cruise,569.722,-24.189,38.36,589.323,-24.045,20.41,19.601,-1,0
34,1.7,cruise,569.191,-24.193,38.18,589.034,-24.047,21.03,19.843,-1,0
35,1.75,cruise,568.662,-24.196,38.02,588.734,-24.05,21.92,20.073,-1,0
36,1.8,cruise,568.134,-24.2,38.07,588.423,-24.052,22.71,20.29,-1,0
37,1.85,cruise,567.605,-24.204,38.13,588.1,-24.054,23.71,20.495,-1,0
38,1.9,cruise,567.074,-24.208,38.32,587.763,-24.057,24.59,20.69,-1,0
39,1.95,cruise,566.541,-24.212,38.44,587.413,-24.059,25.63,20.873,-1,0
40,2.0,cruise,566.005,-24.216,38.63,587.049,-24.062,26.54,21.045,-1,0
41,2.05,cruise,565.468,-24.22,38.69,586.672,-24.065,27.6,21.204,-1,0
42,2.1,cruise,564.93,-24.224,38.77,586.281,-24.067,28.52,21.351,-1,0
43,2.15,cruise,564.392,-24.228,38.73,585.876,-24.07,29.58,21.485,-1,0
44,2.2,cruise,563.854,-24.232,38.73,585.458,-24.073,30.49,21.604,-1,0
45,2.25,cruise,563.317,-24.236,38.63,585.025,-24.077,31.55,21.709,-1,0
46,2.3,cruise,562.781,-24.24,38.6,584.579,-24.08,32.47,21.8,-1,0
47,2.35,cruise,562.245,-24.244,38.5,584.12,-24.083,33.51,21.875,-1,0
48,2.4,cruise,561.711,-24.248,38.5,583.647,-24.087,34.43,21.937,-1,0
49,2.45,cruise,561.176,-24.252,38.44,583.16,-24.09,35.47,21.984,-1,0
50,2.5,cruise,560.642,-24.256,38.48,582.66,-24.094,36.41,22.018,-1,0
51,2.55,cruise,560.108,-24.26,38.45,582.146,-24.098,37.4,22.038,-1,0
52,2.6,cruise,559.574,-24.264,38.52,581.62,-24.101,38.04,22.047,-1,0
53,2.65,cruise,559.039,-24.268,38.51,581.089,-24.105,38.35,22.051,-1,0
54,2.7,cruise,558.503,-24.271,38.57,580.557,-24.109,38.27,22.054,-1,0
55,2.75,cruise,557.968,-24.275,38.55,580.027,-24.113,38.07,22.06,-1,0
56,2.8,cruise,557.432,-24.279,38.6,579.502,-24.117,37.68,22.07,-1,0
57,2.85,cruise,556.896,-24.283,38.56,578.981,-24.121,37.36,22.085,-1,0
58,2.9,cruise,556.36,-24.287,38.59,578.465,-24.124,37.0,22.105,-1,0
59,2.95,cruise,555.825,-24.291,38.54,577.953,-24.128,36.83,22.129,-1,0
60,3.0,cruise,555.289,-24.295,38.57,577.443,-24.132,36.67,22.154,-1,0
61,3.05,cruise,554.754,-24.298,38.52,576.933,-24.136,36.72,22.18,-1,0
62,3.1,cruise,554.219,-24.302,38.55,576.423,-24.139,36.76,22.205,-1,0
63,3.15,cruise,553.684,-24.305,38.51,575.911,-24.143,36.95,22.228,-1,0
64,3.2,cruise,553.149,-24.308,38.55,575.397,-24.147,37.06,22.249,-1,0
65,3.25,cruise,552.614,-24.311,38.51,574.88,-24.151,37.24,22.267,-1,0
66,3.3,cruise,552.079,-24.314,38.55,574.363,-24.154,37.29,22.285,-1,0
67,3.35,cruise,551.543,-24.317,38.52,573.844,-24.158,37.38,22.301,-1,0
68,3.4,cruise,551.008,-24.32,38.56,573.325,-24.162,37.33,22.318,-1,0
69,3.45,cruise,550.473,-24.323,38.53,572.807,-24.166,37.33,22.335,-1,0
70,3.5,cruise,549.937,-24.326,38.57,572.289,-24.17,37.23,22.353,-1,0
71,3.55,cruise,549.402,-24.329,38.53,571.772,-24.173,37.22,22.371,-1,0
72,3.6,cruise,548.866,-24.331,38.57,571.256,-24.177,37.12,22.39,-1,0
73,3.65,cruise,548.331,-24.333,38.53,570.741,-24.181,37.13,22.41,-1,0
74,3.7,cruise,547.796,-24.335,38.56,570.226,-24.185,37.07,22.43,-1,0
75,3.75,cruise,547.26,-24.337,38.52,569.71,-24.189,37.11,22.45,-1,0
76,3.8,cruise,546.725,-24.339,38.56,569.195,-24.192,37.08,22.471,-1,0
77,3.85,cruise,546.19,-24.341,38.52,568.68,-24.196,37.15,22.49,-1,0
78,3.9,cruise,545.655,-24.343,38.56,568.164,-24.2,37.13,22.51,-1,0
79,3.95,cruise,545.119,-24.345,38.52,567.648,-24.204,37.19,22.529,-1,0
80,4.0,cruise,544.584,-24.346,38.56,567.131,-24.208,37.16,22.548,-1,0
81,4.05,cruise,544.049,-24.348,38.52,566.615,-24.211,37.21,22.566,-1,0
82,4.1,cruise,543.514,-24.35,38.56,566.098,-24.215,37.17,22.585,-1,0
83,4.15,cruise,542.978,-24.351,38.52,565.582,-24.219,37.21,22.604,-1,0
84,4.2,cruise,542.443,-24.353,38.56,565.065,-24.223,37.15,22.623,-1,0
85,4.25,cruise,541.908,-24.354,38.52,564.549,-24.226,37.19,22.642,-1,0
86,4.3,cruise,541.373,-24.356,38.56,564.033,-24.23,37.14,22.661,-1,0
87,4.35,cruise,540.837,-24.357,38.52,563.517,-24.234,37.18,22.68,-1,0
88,4.4,cruise,540.302,-24.358,38.56,563.001,-24.238,37.13,22.699,-1,0
89,4.45,cruise,539.767,-24.36,38.52,562.485,-24.241,37.17,22.719,-1,0
90,4.5,cruise,539.232,-24.361,38.56,561.969,-24.245,37.13,22.738,-1,0
91,4.55,cruise,538.696,-24.362,38.52,561.453,-24.249,37.18,22.757,-1,0
92,4.6,cruise,538.161,-24.363,38.56,560.937,-24.253,37.14,22.776,-1,0
93,4.65,cruise,537.626,-24.365,38.52,560.421,-24.256,37.19,22.795,-1,0
94,4.7,cruise,537.091,-24.366,38.56,559.905,-24.26,37.14,22.815,-1,0
95,4.75,cruise,536.555,-24.367,38.52,559.389,-24.264,37.19,22.834,-1,0
96,4.8,cruise,536.02,-24.368,38.56,558.872,-24.268,37.14,22.853,-1,0
97,4.85,cruise,535.485,-24.369,38.52,558.356,-24.271,37.19,22.872,-1,0
98,4.9,cruise,534.95,-24.371,38.56,557.84,-24.275,37.14,22.891,-1,0
99,4.95,cruise,534.414,-24.372,38.52,557.324,-24.279,37.19,22.91,-1,0
100,5.0,cruise,533.879,-24.373,38.56,556.808,-24.283,37.14,22.929,-1,0
101,5.05,cruise,533.344,-24.374,38.52,556.292,-24.287,37.18,22.948,-1,0
102,5.1,cruise,532.809,-24.375,38.56,555.776,-24.29,37.18,22.967,-1,0
103,5.15,cruise,532.273,-24.376,38.52,555.258,-24.294,37.36,22.985,-1,0
104,5.2,cruise,531.738,-24.378,38.56,554.738,-24.297,37.4,23.0,-1,0
105,5.25,cruise,531.203,-24.379,38.52,554.218,-24.3,37.46,23.016,-1,0
106,5.3,cruise,530.667,-24.38,38.56,553.699,-24.304,37.38,23.031,-1,0
107,5.35,cruise,530.132,-24.381,38.52,553.18,-24.307,37.35,23.048,-1,0
108,5.4,cruise,529.597,-24.382,38.56,552.662,-24.31,37.21,23.065,-1,0
109,5.45,cruise,529.062,-24.383,38.52,552.146,-24.313,37.17,23.084,-1,0
110,5.5,cruise,528.526,-24.385,38.56,551.63,-24.316,37.07,23.104,-1,0
111,5.55,cruise,527.991,-24.386,38.52,551.116,-24.319,37.07,23.124,-1,0
112,5.6,cruise,527.456,-24.387,38.56,550.601,-24.322,37.06,23.145,-1,0
113,5.65,cruise,526.921,-24.388,38.52,550.084,-24.324,37.33,23.164,-1,0
114,5.7,cruise,526.385,-24.389,38.56,549.563,-24.327,37.65,23.178,-1,0
115,5.75,cruise,525.85,-24.391,38.52,549.038,-24.329,37.91,23.188,-1,0
116,5.8,cruise,525.315,-24.392,38.56,548.511,-24.331,37.9,23.196,-1,0
117,5.85,cruise,524.78,-24.393,38.52,547.985,-24.334,37.82,23.206,-1,0
118,5.9,cruise,524.244,-24.394,38.56,547.462,-24.336,37.6,23.218,-1,0
119,5.95,cruise,523.709,-24.395,38.52,546.94,-24.338,37.57,23.231,-1,0
120,6.0,cruise,523.174,-24.396,38.56,546.418,-24.34,37.64,23.244,-1,0
121,6.05,cruise,522.639,-24.397,38.52,545.893,-24.342,37.95,23.254,-1,0
122,6.1,cruise,522.103,-24.399,38.56,545.364,-24.343,38.2,23.26,-1,0
123,6.15,cruise,521.568,-24.4,38.52,544.832,-24.345,38.32,23.264,-1,0
124,6.2,cruise,521.033,-24.401,38.56,544.301,-24.347,38.12,23.268,-1,0
125,6.25,cruise,520.498,-24.402,38.52,543.774,-24.348,37.86,23.276,-1,0
126,6.3,cruise,519.962,-24.403,38.56,543.251,-24.35,37.46,23.289,-1,0
127,6.35,cruise,519.427,-24.404,38.52,542.734,-24.351,37.17,23.306,-1,0
128,6.4,cruise,518.892,-24.406,38.56,542.219,-24.353,36.94,23.328,-1,0
129,6.45,cruise,518.357,-24.407,38.52,541.706,-24.354,37.07,23.349,-1,0
130,6.5,cruise,517.821,-24.408,38.56,541.189,-24.356,37.34,23.367,-1,0
131,6.55,cruise,517.286,-24.409,38.52,540.666,-24.357,37.88,23.38,-1,0
132,6.6,cruise,516.751,-24.41,38.56,540.135,-24.358,38.35,23.385,-1,0
133,6.65,cruise,516.216,-24.412,38.52,539.6,-24.36,38.63,23.384,747.222,0
134,6.7,cruise,515.68,-24.413,38.56,539.064,-24.361,38.49,23.384,-1,0
135,6.75,cruise,515.145,-24.414,38.52,538.532,-24.363,38.23,23.387,-1,0
136,6.8,cruise,514.61,-24.415,38.56,538.005,-24.364,37.75,23.395,-1,0
137,6.85,cruise,514.075,-24.416,38.52,537.484,-24.365,37.35,23.409,-1,0
138,6.9,cruise,513.539,-24.418,38.56,536.968,-24.366,36.99,23.429,-1,0
139,6.95,cruise,513.004,-24.419,38.52,536.455,-24.368,36.97,23.451,-1,0
140,7.0,cruise,512.469,-24.42,38.56,535.94,-24.369,37.12,23.472,-1,0
141,7.05,cruise,511.934,-24.421,38.52,535.421,-24.37,37.58,23.488,-1,0
142,7.1,cruise,511.398,-24.422,38.56,534.895,-24.371,38.08,23.497,-1,0
143,7.15,cruise,510.863,-24.423,38.52,534.361,-24.373,38.62,23.498,893.314,0
144,7.2,cruise,510.328,-24.425,38.56,533.824,-24.374,38.74,23.496,485.131,0
145,7.25,cruise,509.793,-24.426,38.52,533.286,-24.375,38.61,23.494,977.489,0
146,7.3,cruise,509.257,-24.427,38.56,532.754,-24.376,38.2,23.496,-1,0
147,7.35,cruise,508.722,-24.428,38.52,532.227,-24.378,37.78,23.504,-1,0
148,7.4,cruise,508.187,-24.429,38.56,531.706,-24.379,37.26,23.519,-1,0
149,7.45,cruise,507.652,-24.43,38.52,531.192,-24.38,36.91,23.54,-1,0
150,7.5,cruise,507.116,-24.432,38.56,530.682,-24.381,36.59,23.566,-1,0
151,7.55,cruise,506.581,-24.433,38.52,530.175,-24.382,36.51,23.594,-1,0
152,7.6,cruise,506.046,-24.434,38.56,529.668,-24.384,36.49,23.622,-1,0
153,7.65,cruise,505.511,-24.435,38.52,529.159,-24.385,36.68,23.649,-1,0
154,7.7,cruise,504.975,-24.436,38.56,528.649,-24.386,36.85,23.673,-1,0
155,7.75,cruise,504.44,-24.437,38.52,528.135,-24.387,37.12,23.695,-1,0
156,7.8,cruise,503.905,-24.439,38.56,527.618,-24.388,37.26,23.713,-1,0
157,7.85,cruise,503.37,-24.44,38.52,527.099,-24.389,37.43,23.729,-1,0
158,7.9,cruise,502.834,-24.441,38.56,526.579,-24.391,37.44,23.744,-1,0
159,7.95,cruise,502.299,-24.442,38.52,526.058,-24.392,37.46,23.759,-1,0
160,8.0,cruise,501.764,-24.443,38.56,525.539,-24.393,37.36,23.775,-1,0
161,8.05,cruise,501.229,-24.444,38.52,525.021,-24.394,37.31,23.792,-1,0
162,8.1,cruise,500.693,-24.446,38.56,524.503,-24.395,37.17,23.81,-1,0
163,8.15,cruise,500.158,-24.447,38.52,523.988,-24.396,37.14,23.83,-1,0
164,8.2,cruise,499.623,-24.448,38.56,523.473,-24.397,37.04,23.85,-1,0
165,8.25,cruise,499.088,-24.449,38.52,522.958,-24.398,37.06,23.871,-1,0
166,8.3,cruise,498.552,-24.45,38.56,522.444,-24.399,37.02,23.892,-1,0
167,8.35,cruise,498.017,-24.452,38.52,521.929,-24.4,37.09,23.912,-1,0
168,8.4,cruise,497.482,-24.453,38.56,521.414,-24.401,37.08,23.932,-1,0
169,8.45,cruise,496.947,-24.454,38.52,520.898,-24.402,37.17,23.952,-1,0
170,8.5,cruise,496.411,-24.455,38.56,520.382,-24.403,37.16,23.971,-1,0
171,8.55,cruise,495.876,-24.456,38.52,519.865,-24.404,37.23,23.989,-1,0
172,8.6,cruise,495.341,-24.458,38.56,519.348,-24.405,37.2,24.008,-1,0
173,8.65,cruise,494.806,-24.459,38.52,518.831,-24.406,37.24,24.026,-1,0
174,8.7,cruise,494.27,-24.46,38.56,518.314,-24.407,37.22,24.044,-1,0
175,8.75,cruise,493.735,-24.461,38.52,517.796,-24.409,37.47,24.061,-1,0
176,8.8,cruise,493.2,-24.462,38.56,517.273,-24.41,37.8,24.073,-1,0
177,8.85,cruise,492.665,-24.464,38.52,516.744,-24.411,38.26,24.079,-1,0
178,8.9,cruise,492.129,-24.465,38.56,516.211,-24.412,38.38,24.082,-1,0
179,8.95,cruise,491.594,-24.466,38.52,515.678,-24.413,38.31,24.084,-1,0
180,9.0,cruise,491.059,-24.467,38.56,515.149,-24.414,37.97,24.09,-1,0
181,9.05,cruise,490.523,-24.468,38.52,514.624,-24.415,37.63,24.101,-1,0
182,9.1,cruise,489.988,-24.47,38.56,514.105,-24.416,37.21,24.117,-1,0
183,9.15,cruise,489.453,-24.471,38.52,513.591,-24.417,36.93,24.138,-1,0
184,9.2,cruise,488.918,-24.472,38.56,513.08,-24.419,36.68,24.163,-1,0
185,9.25,cruise,488.382,-24.473,38.52,512.571,-24.42,36.65,24.189,-1,0
186,9.3,cruise,487.847,-24.474,38.56,512.061,-24.421,36.76,24.214,-1,0
187,9.35,cruise,487.312,-24.476,38.52,511.547,-24.422,37.19,24.236,-1,0
188,9.4,cruise,486.777,-24.477,38.56,511.027,-24.423,37.69,24.25,-1,0
189,9.45,cruise,486.241,-24.478,38.52,510.498,-24.424,38.33,24.256,-1,0
190,9.5,cruise,485.706,-24.479,38.56,509.963,-24.425,38.6,24.257,2424.664,0
191,9.55,cruise,485.171,-24.481,38.52,509.426,-24.426,38.59,24.256,1282.191,0
192,9.6,cruise,484.636,-24.482,38.56,508.893,-24.428,38.25,24.257,-1,0
193,9.65,cruise,484.1,-24.483,38.52,508.365,-24.429,37.88,24.265,-1,0
194,9.7,cruise,483.565,-24.484,38.56,507.843,-24.43,37.39,24.278,-1,0
195,9.75,cruise,483.03,-24.485,38.52,507.326,-24.431,37.12,24.296,-1,0
196,9.8,cruise,482.495,-24.486,38.56,506.812,-24.432,37.02,24.317,-1,0
197,9.85,cruise,481.959,-24.488,38.52,506.296,-24.433,37.27,24.337,-1,0
198,9.9,cruise,481.424,-24.489,38.56,505.775,-24.434,37.63,24.351,-1,0
199,9.95,cruise,480.889,-24.49,38.52,505.248,-24.436,38.16,24.359,-1,0
200,10.0,patch,480.354,-24.491,38.56,504.716,-24.437,38.35,24.362,-1,0
201,10.05,patch,479.818,-24.492,38.52,504.183,-24.438,38.34,24.365,-1,0
202,10.1,patch,479.283,-24.493,38.56,503.653,-24.439,38.04,24.37,-1,0
203,10.15,patch,478.748,-24.494,38.52,503.127,-24.44,37.73,24.379,-1,0
204,10.2,patch,478.213,-24.495,38.56,502.606,-24.441,37.4,24.394,-1,0
205,10.25,patch,477.677,-24.496,38.52,502.087,-24.443,37.39,24.41,-1,0
206,10.3,patch,477.142,-24.498,38.56,501.567,-24.444,37.51,24.425,-1,0
207,10.35,patch,476.607,-24.499,38.52,501.043,-24.445,37.83,24.436,-1,0
208,10.4,patch,476.072,-24.5,38.56,500.517,-24.446,37.91,24.445,-1,0
209,10.45,patch,475.536,-24.501,38.52,499.99,-24.447,37.9,24.454,-1,0
210,10.5,patch,475.001,-24.502,38.56,499.466,-24.448,37.69,24.465,-1,0
211,10.55,patch,474.466,-24.503,38.52,498.944,-24.449,37.49,24.478,-1,0
212,10.6,patch,473.931,-24.504,38.56,498.425,-24.45,37.21,24.495,-1,0
213,10.65,patch,473.395,-24.506,38.52,497.91,-24.451,37.06,24.515,-1,0
214,10.7,patch,472.86,-24.507,38.56,497.396,-24.452,36.99,24.536,-1,0
215,10.75,patch,472.325,-24.508,38.52,496.88,-24.454,37.27,24.555,-1,0
216,10.8,patch,471.79,-24.509,38.56,496.359,-24.455,37.66,24.57,-1,0
217,10.85,patch,471.254,-24.51,38.52,495.832,-24.456,38.19,24.577,-1,0
218,10.9,patch,470.719,-24.511,38.56,495.299,-24.457,38.39,24.58,-1,0
219,10.95,patch,470.184,-24.512,38.52,494.766,-24.458,38.38,24.582,-1,0
220,11.0,patch,469.649,-24.514,38.56,494.235,-24.459,38.07,24.587,-1,0
221,11.05,patch,469.113,-24.515,38.52,493.709,-24.46,37.73,24.596,-1,0
222,11.1,patch,468.578,-24.516,38.56,493.189,-24.462,37.31,24.611,-1,0
223,11.15,patch,468.043,-24.517,38.52,492.673,-24.463,37.11,24.63,-1,0
224,11.2,patch,467.508,-24.518,38.56,492.158,-24.464,37.09,24.65,-1,0
225,11.25,patch,466.972,-24.519,38.52,491.64,-24.465,37.41,24.668,-1,0
226,11.3,patch,466.437,-24.52,38.56,491.117,-24.466,37.8,24.681,-1,0
227,11.35,patch,465.902,-24.522,38.52,490.588,-24.468,38.35,24.686,-1,0
228,11.4,patch,465.367,-24.523,38.56,490.052,-24.469,38.76,24.685,458.672,0
229,11.45,patch,464.831,-24.524,38.52,489.51,-24.47,39.09,24.679,155.92,0
230,11.5,patch,464.296,-24.525,38.56,488.966,-24.471,39.17,24.67,145.708,0
231,11.55,patch,463.761,-24.526,38.52,488.422,-24.472,39.18,24.661,134.598,0
232,11.6,patch,463.225,-24.527,38.56,487.879,-24.474,39.0,24.654,201.616,0
233,11.65,patch,462.69,-24.529,38.52,487.339,-24.475,38.85,24.649,269.769,0
234,11.7,patch,462.155,-24.53,38.56,486.801,-24.476,38.61,24.646,2017.195,0
235,11.75,patch,461.62,-24.531,38.52,486.266,-24.477,38.48,24.647,-1,0
236,11.8,patch,461.084,-24.532,38.56,485.733,-24.479,38.31,24.649,-1,0
237,11.85,patch,460.549,-24.533,38.52,485.201,-24.48,38.3,24.652,-1,0
238,11.9,patch,460.014,-24.534,38.56,484.67,-24.481,38.26,24.656,-1,0
239,11.95,patch,459.479,-24.535,38.52,484.138,-24.482,38.36,24.659,-1,0
240,12.0,patch,458.943,-24.537,38.56,483.605,-24.483,38.39,24.661,-1,0
241,12.05,patch,458.408,-24.538,38.52,483.07,-24.485,38.52,24.662,-1,0
242,12.1,patch,457.873,-24.539,38.56,482.535,-24.486,38.56,24.662,-1,0
243,12.15,patch,457.338,-24.54,38.52,481.999,-24.487,38.65,24.661,698.177,0
244,12.2,patch,456.802,-24.541,38.56,481.462,-24.488,38.63,24.66,1276.491,0
245,12.25,patch,456.267,-24.542,38.52,480.925,-24.489,38.67,24.658,590.128,0
246,12.3,patch,455.732,-24.543,38.56,480.388,-24.491,38.61,24.657,1901.383,0
247,12.35,patch,455.197,-24.545,38.52,479.852,-24.492,38.62,24.655,921.526,0
248,12.4,patch,454.661,-24.546,38.56,479.316,-24.493,38.54,24.655,-1,0
249,12.45,patch,454.126,-24.547,38.52,478.781,-24.494,38.55,24.655,3040.536,0
250,12.5,patch,453.591,-24.548,38.56,478.246,-24.495,38.49,24.655,-1,0
251,12.55,patch,453.056,-24.549,38.52,477.711,-24.497,38.52,24.656,-1,0
252,12.6,patch,452.52,-24.55,38.56,477.177,-24.498,38.48,24.656,-1,0
253,12.65,patch,451.985,-24.551,38.52,476.642,-24.499,38.53,24.657,22504.797,0
254,12.7,patch,451.45,-24.553,38.56,476.107,-24.5,38.5,24.657,-1,0
255,12.75,patch,450.915,-24.553,38.52,475.572,-24.501,38.55,24.657,2736.689,0
256,12.8,patch,450.379,-24.554,38.56,475.037,-24.502,38.53,24.657,-1,0
257,12.85,patch,449.844,-24.554,38.52,474.501,-24.503,38.58,24.657,1603.406,0
258,12.9,patch,449.309,-24.554,38.56,473.966,-24.504,38.54,24.657,-1,0
259,12.95,patch,448.774,-24.554,38.52,473.43,-24.505,38.58,24.656,1467.481,0
260,13.0,patch,448.238,-24.554,38.56,472.894,-24.507,38.54,24.656,-1,0
261,13.05,patch,447.703,-24.553,38.52,472.359,-24.508,38.57,24.656,1720.188,0
262,13.1,patch,447.168,-24.553,38.56,471.824,-24.509,38.53,24.656,-1,0
263,13.15,patch,446.633,-24.553,38.52,471.288,-24.51,38.56,24.656,2232.675,0
264,13.2,patch,446.097,-24.552,38.56,470.753,-24.511,38.52,24.656,-1,0
265,13.25,patch,445.562,-24.551,38.52,470.218,-24.512,38.56,24.656,2645.661,0
266,13.3,patch,445.027,-24.55,38.56,469.683,-24.513,38.51,24.656,-1,0
267,13.35,patch,444.492,-24.549,38.52,469.147,-24.514,38.56,24.656,2564.087,0
268,13.4,patch,443.956,-24.548,38.56,468.612,-24.515,38.52,24.656,-1,0
269,13.45,patch,443.421,-24.546,38.52,468.077,-24.517,38.56,24.656,2249.21,0
270,13.5,patch,442.886,-24.545,38.56,467.542,-24.518,38.52,24.656,-1,0
271,13.55,patch,442.351,-24.544,38.52,467.006,-24.519,38.57,24.656,2036.78,0
272,13.6,patch,441.815,-24.542,38.56,466.471,-24.52,38.53,24.655,-1,0
273,13.65,patch,441.28,-24.541,38.52,465.935,-24.521,38.57,24.655,1986.708,0
274,13.7,patch,440.745,-24.539,38.56,465.4,-24.522,38.52,24.655,-1,0
275,13.75,patch,440.21,-24.538,38.52,464.865,-24.523,38.57,24.655,2052.994,0
276,13.8,patch,439.674,-24.536,38.56,464.329,-24.524,38.52,24.655,-1,0
277,13.85,patch,439.139,-24.535,38.52,463.794,-24.526,38.56,24.655,2157.056,0
278,13.9,patch,438.604,-24.533,38.56,463.259,-24.527,38.52,24.655,-1,0
279,13.95,patch,438.069,-24.531,38.52,462.724,-24.528,38.56,24.655,2219.88,0
280,14.0,patch,437.533,-24.529,38.56,462.188,-24.529,38.52,24.655,-1,0
281,14.05,patch,436.998,-24.528,38.52,461.653,-24.53,38.56,24.655,2213.385,0
282,14.1,patch,436.463,-24.526,38.56,461.118,-24.531,38.52,24.655,-1,0
283,14.15,patch,435.928,-24.524,38.52,460.583,-24.532,38.56,24.655,2168.799,0
284,14.2,patch,435.392,-24.522,38.56,460.047,-24.533,38.52,24.655,-1,0
285,14.25,patch,434.857,-24.52,38.52,459.512,-24.534,38.56,24.655,2129.608,0
286,14.3,patch,434.322,-24.518,38.56,458.977,-24.536,38.52,24.655,-1,0
287,14.35,patch,433.787,-24.516,38.52,458.442,-24.537,38.56,24.655,2117.488,0
288,14.4,patch,433.251,-24.514,38.56,457.906,-24.538,38.52,24.655,-1,0
289,14.45,patch,432.716,-24.512,38.52,457.371,-24.539,38.56,24.655,2129.745,0
290,14.5,patch,432.181,-24.511,38.56,456.836,-24.54,38.52,24.655,-1,0
291,14.55,patch,431.646,-24.509,38.52,456.301,-24.541,38.56,24.655,2149.237,0
292,14.6,patch,431.11,-24.507,38.56,455.765,-24.542,38.52,24.655,-1,0
293,14.65,patch,430.575,-24.505,38.52,455.23,-24.543,38.56,24.655,2161.297,0
294,14.7,patch,430.04,-24.503,38.56,454.695,-24.545,38.52,24.655,-1,0
295,14.75,patch,429.505,-24.501,38.52,454.16,-24.546,38.56,24.655,2160.59,0
296,14.8,patch,428.969,-24.499,38.56,453.624,-24.547,38.52,24.655,-1,0
297,14.85,patch,428.434,-24.497,38.52,453.089,-24.548,38.56,24.655,2152.677,0
298,14.9,patch,427.899,-24.495,38.56,452.554,-24.549,38.52,24.655,-1,0
299,14.95,patch,427.364,-24.493,38.52,452.019,-24.55,38.56,24.655,2145.0,0
300,15.0,patch,426.828,-24.491,38.56,451.483,-24.551,38.52,24.655,-1,0
301,15.05,patch,426.293,-24.49,38.52,450.948,-24.552,38.56,24.655,2151.762,0
302,15.1,patch,425.758,-24.488,38.56,450.413,-24.552,38.52,24.655,-1,0
303,15.15,patch,425.223,-24.486,38.52,449.878,-24.553,38.56,24.655,2151.864,0
304,15.2,patch,424.687,-24.484,38.56,449.342,-24.553,38.52,24.655,-1,0
305,15.25,patch,424.152,-24.482,38.52,448.807,-24.553,38.56,24.655,2149.725,0
306,15.3,patch,423.617,-24.48,38.56,448.272,-24.553,38.52,24.655,-1,0
307,15.35,patch,423.082,-24.478,38.52,447.737,-24.552,38.56,24.655,2147.263,0
308,15.4,patch,422.546,-24.476,38.56,447.201,-24.552,38.52,24.655,-1,0
309,15.45,patch,422.011,-24.474,38.52,446.666,-24.552,38.56,24.655,2147.148,0
310,15.5,patch,421.476,-24.472,38.56,446.131,-24.551,38.52,24.655,-1,0
311,15.55,patch,420.94,-24.47,38.52,445.596,-24.55,38.56,24.655,2150.162,0
312,15.6,patch,420.405,-24.468,38.56,445.06,-24.549,38.52,24.655,-1,0
313,15.65,patch,419.87,-24.466,38.52,444.525,-24.548,38.56,24.655,2149.795,0
314,15.7,patch,419.335,-24.464,38.56,443.99,-24.547,38.52,24.655,-1,0
315,15.75,patch,418.799,-24.463,38.52,443.455,-24.546,38.56,24.655,2148.923,0
316,15.8,patch,418.264,-24.461,38.56,442.919,-24.544,38.52,24.655,-1,0
317,15.85,patch,417.729,-24.459,38.52,442.384,-24.543,38.56,24.655,2148.083,0
318,15.9,patch,417.194,-24.457,38.56,441.849,-24.542,38.52,24.655,-1,0
319,15.95,patch,416.658,-24.455,38.52,441.314,-24.541,38.56,24.655,2147.942,0
320,16.0,patch,416.123,-24.453,38.56,440.778,-24.539,38.52,24.655,-1,0
321,16.05,patch,415.588,-24.451,38.52,440.243,-24.538,38.56,24.655,2148.542,0
322,16.1,patch,415.053,-24.449,38.56,439.708,-24.536,38.52,24.655,-1,0
323,16.15,patch,414.517,-24.447,38.52,439.172,-24.535,38.56,24.655,2149.202,0
324,16.2,patch,413.982,-24.445,38.56,438.637,-24.533,38.52,24.655,-1,0
325,16.25,patch,413.447,-24.443,38.52,438.102,-24.531,38.56,24.655,2149.231,0
326,16.3,patch,412.912,-24.441,38.56,437.567,-24.529,38.52,24.655,-1,0
327,16.35,patch,412.376,-24.439,38.52,437.031,-24.528,38.56,24.655,2149.416,0
328,16.4,patch,411.841,-24.437,38.56,436.496,-24.526,38.52,24.655,-1,0
329,16.45,patch,411.306,-24.435,38.52,435.961,-24.524,38.56,24.655,2149.468,0
330,16.5,patch,410.771,-24.433,38.56,435.426,-24.523,38.52,24.655,-1,0
331,16.55,patch,410.235,-24.431,38.52,434.89,-24.521,38.56,24.655,2148.912,0
332,16.6,patch,409.7,-24.429,38.56,434.355,-24.519,38.52,24.655,-1,0
333,16.65,patch,409.165,-24.427,38.52,433.82,-24.517,38.56,24.655,2148.545,0
334,16.7,patch,408.63,-24.425,38.56,433.285,-24.515,38.52,24.655,-1,0
335,16.75,patch,408.094,-24.423,38.52,432.749,-24.513,38.56,24.655,2148.879,0
336,16.8,patch,407.559,-24.421,38.56,432.214,-24.512,38.52,24.655,-1,0
337,16.85,patch,407.024,-24.419,38.52,431.679,-24.51,38.56,24.655,2149.149,0
338,16.9,patch,406.489,-24.417,38.56,431.144,-24.508,38.52,24.655,-1,0
339,16.95,patch,405.953,-24.415,38.52,430.608,-24.506,38.56,24.655,2148.921,0
340,17.0,patch,405.418,-24.413,38.56,430.073,-24.504,38.52,24.655,-1,0
341,17.05,patch,404.883,-24.411,38.52,429.538,-24.502,38.56,24.655,2148.896,0
342,17.1,patch,404.348,-24.409,38.56,429.003,-24.5,38.52,24.655,-1,0
343,17.15,patch,403.812,-24.408,38.52,428.467,-24.498,38.56,24.655,2148.525,0
344,17.2,patch,403.277,-24.406,38.56,427.932,-24.497,38.52,24.655,-1,0
345,17.25,patch,402.742,-24.404,38.52,427.397,-24.495,38.56,24.655,2148.39,0
346,17.3,patch,402.207,-24.402,38.56,426.862,-24.493,38.52,24.655,-1,0
347,17.35,patch,401.671,-24.4,38.52,426.326,-24.491,38.56,24.655,2149.255,0
348,17.4,patch,401.136,-24.398,38.56,425.791,-24.489,38.52,24.655,-1,0
349,17.45,patch,400.601,-24.396,38.52,425.256,-24.487,38.56,24.655,2149.227,0
350,17.5,patch,400.066,-24.394,38.56,424.721,-24.485,38.52,24.655,-1,0
351,17.55,patch,399.53,-24.392,38.52,424.185,-24.483,38.56,24.655,2148.502,0
352,17.6,patch,398.995,-24.39,38.56,423.65,-24.481,38.52,24.655,-1,0
353,17.65,patch,398.46,-24.388,38.52,423.115,-24.479,38.56,24.655,2148.486,0
354,17.7,patch,397.925,-24.386,38.56,422.58,-24.477,38.52,24.655,-1,0
355,17.75,patch,397.389,-24.384,38.52,422.044,-24.475,38.56,24.655,2148.659,0
356,17.8,patch,396.854,-24.382,38.56,421.509,-24.473,38.52,24.655,-1,0
357,17.85,patch,396.319,-24.38,38.52,420.974,-24.471,38.56,24.655,2148.803,0
358,17.9,patch,395.784,-24.378,38.56,420.439,-24.469,38.52,24.655,-1,0
359,17.95,patch,395.248,-24.376,38.52,419.903,-24.467,38.56,24.655,2148.922,0
360,18.0,patch,394.713,-24.374,38.56,419.368,-24.465,38.52,24.655,-1,0
361,18.05,patch,394.178,-24.372,38.52,418.833,-24.463,38.56,24.655,2149.282,0
362,18.1,patch,393.642,-24.37,38.56,418.298,-24.461,38.52,24.655,-1,0
363,18.15,patch,393.107,-24.368,38.52,417.762,-24.459,38.56,24.655,2148.708,0
364,18.2,patch,392.572,-24.366,38.56,417.227,-24.457,38.52,24.655,-1,0
365,18.25,patch,392.037,-24.364,38.52,416.692,-24.455,38.56,24.655,2148.686,0
366,18.3,patch,391.501,-24.362,38.56,416.157,-24.453,38.52,24.655,-1,0
367,18.35,patch,390.966,-24.36,38.52,415.621,-24.451,38.56,24.655,2148.495,0
368,18.4,patch,390.431,-24.358,38.56,415.086,-24.449,38.52,24.655,-1,0
369,18.45,patch,389.896,-24.356,38.52,414.551,-24.447,38.56,24.655,2148.312,0
370,18.5,patch,389.36,-24.354,38.56,414.016,-24.445,38.52,24.655,-1,0
371,18.55,patch,388.825,-24.352,38.52,413.48,-24.443,38.56,24.655,2148.492,0
372,18.6,patch,388.29,-24.351,38.56,412.945,-24.441,38.52,24.655,-1,0
373,18.65,patch,387.755,-24.349,38.52,412.41,-24.439,38.56,24.655,2148.668,0
374,18.7,patch,387.219,-24.347,38.56,411.875,-24.437,38.52,24.655,-1,0
375,18.75,patch,386.684,-24.345,38.52,411.339,-24.435,38.56,24.655,2148.67,0
376,18.8,patch,386.149,-24.343,38.56,410.804,-24.433,38.52,24.655,-1,0
377,18.85,patch,385.614,-24.341,38.52,410.269,-24.431,38.56,24.655,2148.846,0
378,18.9,patch,385.078,-24.339,38.56,409.734,-24.429,38.52,24.655,-1,0
379,18.95,patch,384.543,-24.337,38.52,409.198,-24.427,38.56,24.655,2149.025,0
380,19.0,patch,384.008,-24.335,38.56,408.663,-24.425,38.52,24.655,-1,0
381,19.05,patch,383.473,-24.333,38.52,408.128,-24.423,38.56,24.655,2149.027,0
382,19.1,patch,382.937,-24.331,38.56,407.593,-24.421,38.52,24.655,-1,0
383,19.15,patch,382.402,-24.329,38.52,407.057,-24.419,38.56,24.655,2149.025,0
384,19.2,patch,381.867,-24.327,38.56,406.522,-24.417,38.52,24.655,-1,0
385,19.25,patch,381.332,-24.325,38.52,405.987,-24.415,38.56,24.655,2148.849,0
386,19.3,patch,380.796,-24.323,38.56,405.452,-24.413,38.52,24.655,-1,0
387,19.35,patch,380.261,-24.321,38.52,404.916,-24.411,38.56,24.655,2148.846,0
388,19.4,patch,379.726,-24.319,38.56,404.381,-24.409,38.52,24.655,-1,0
389,19.45,patch,379.191,-24.317,38.52,403.846,-24.407,38.56,24.655,2148.846,0
390,19.5,patch,378.655,-24.315,38.56,403.311,-24.405,38.52,24.655,-1,0
391,19.55,patch,378.12,-24.313,38.52,402.775,-24.403,38.56,24.655,2148.67,0
392,19.6,patch,377.585,-24.311,38.56,402.24,-24.401,38.52,24.655,-1,0
393,19.65,patch,377.05,-24.309,38.52,401.705,-24.399,38.56,24.655,2148.667,0
394,19.7,patch,376.514,-24.307,38.56,401.17,-24.397,38.52,24.655,-1,0
395,19.75,patch,375.979,-24.305,38.52,400.634,-24.395,38.56,24.655,2149.027,0
396,19.8,patch,375.444,-24.303,38.56,400.099,-24.393,38.52,24.655,-1,0
397,19.85,patch,374.909,-24.301,38.52,399.564,-24.391,38.56,24.655,2148.846,0
398,19.9,patch,374.373,-24.299,38.56,399.029,-24.389,38.52,24.655,-1,0
399,19.95,patch,373.838,-24.297,38.52,398.493,-24.387,38.56,24.655,2149.024,0
400,20.0,brake,373.303,-24.295,38.45,397.958,-24.385,38.52,24.655,1235.534,0
401,20.05,brake,372.773,-24.294,37.95,397.423,-24.383,38.56,24.65,144.029,0
402,20.1,brake,372.252,-24.292,37.26,396.887,-24.381,38.52,24.636,70.352,0
403,20.15,brake,371.742,-24.29,36.3,396.352,-24.379,38.56,24.61,39.12,0
404,20.2,brake,371.246,-24.288,35.39,395.817,-24.377,38.52,24.572,28.257,0
405,20.25,brake,370.763,-24.286,34.3,395.282,-24.375,38.56,24.519,20.686,0
406,20.3,brake,370.295,-24.284,33.33,394.746,-24.373,38.52,24.452,16.967,0
407,20.35,brake,369.841,-24.283,32.2,394.211,-24.371,38.56,24.37,13.797,0
408,20.4,brake,369.402,-24.281,31.25,393.676,-24.369,38.52,24.274,12.013,0
409,20.45,brake,368.978,-24.28,30.12,393.141,-24.367,38.56,24.163,10.308,0
410,20.5,brake,368.567,-24.278,29.2,392.605,-24.365,38.52,24.039,9.28,0
411,20.55,brake,368.171,-24.277,28.09,392.07,-24.363,38.56,23.9,8.219,0
412,20.6,brake,367.788,-24.275,27.21,391.535,-24.362,38.52,23.747,7.555,0
413,20.65,brake,367.419,-24.274,26.13,391.0,-24.36,38.45,23.581,6.891,0
414,20.7,brake,367.063,-24.273,25.28,390.47,-24.358,37.95,23.407,6.655,0
415,20.75,brake,366.721,-24.271,24.24,389.949,-24.356,37.28,23.228,6.415,0
416,20.8,brake,366.391,-24.27,23.44,389.438,-24.354,36.36,23.048,6.423,0
417,20.85,brake,366.073,-24.269,22.43,388.941,-24.352,35.5,22.867,6.302,0
418,20.9,brake,365.782,-24.268,19.15,388.456,-24.351,34.45,22.674,5.335,0
419,20.95,brake,365.557,-24.267,14.33,387.986,-24.349,33.53,22.429,4.205,0
420,21.0,brake,365.399,-24.267,9.48,387.529,-24.347,32.45,22.13,3.469,0
421,21.05,brake,365.307,-24.266,4.67,387.086,-24.346,31.54,21.779,2.918,0
422,21.1,brake,365.28,-24.266,0.57,386.656,-24.344,30.57,21.376,2.565,0
423,21.15,brake,365.28,-24.266,0.0,386.236,-24.343,30.08,20.956,2.508,0
424,21.2,brake,365.28,-24.266,0.0,385.822,-24.342,29.72,20.542,2.488,0
425,21.25,brake,365.28,-24.266,0.0,385.408,-24.34,29.79,20.129,2.433,0
426,21.3,brake,365.279,-24.266,0.0,384.993,-24.339,29.97,19.714,2.368,0
427,21.35,brake,365.279,-24.266,0.0,384.573,-24.337,30.48,19.294,2.279,0
428,21.4,brake,365.279,-24.266,0.0,384.145,-24.336,31.02,18.866,2.189,0
429,21.45,brake,365.279,-24.266,0.0,383.708,-24.334,31.66,18.43,2.096,0
430,21.5,brake,365.279,-24.266,0.0,383.267,-24.333,31.78,17.988,2.038,0
431,21.55,brake,365.279,-24.266,0.0,382.827,-24.331,31.6,17.548,1.999,0
432,21.6,brake,365.279,-24.266,0.0,382.393,-24.33,31.06,17.114,1.984,0
433,21.65,brake,365.279,-24.266,0.0,381.966,-24.328,30.51,16.687,1.969,0
434,21.7,brake,365.279,-24.266,0.0,381.549,-24.326,29.7,16.27,1.972,0
435,21.75,brake,365.279,-24.266,0.0,381.142,-24.325,28.99,15.863,1.97,0
436,21.8,brake,365.279,-24.266,0.0,380.747,-24.324,28.06,15.468,1.985,0
437,21.85,brake,365.279,-24.266,0.0,380.364,-24.322,27.29,15.085,1.99,0
438,21.9,brake,365.279,-24.266,0.0,379.993,-24.321,26.32,14.714,2.013,0
439,21.95,brake,365.279,-24.266,0.0,379.634,-24.32,25.51,14.355,2.026,0
440,22.0,brake,365.279,-24.266,0.0,379.289,-24.318,24.44,14.01,2.064,0
441,22.05,brake,365.279,-24.266,0.0,378.957,-24.317,23.59,13.678,2.087,0
442,22.1,brake,365.279,-24.266,0.0,378.645,-24.316,20.94,13.366,2.297,0
443,22.15,brake,365.279,-24.266,0.0,378.395,-24.315,16.12,13.116,2.929,0
444,22.2,brake,365.279,-24.266,0.0,378.212,-24.314,11.27,12.933,4.132,0
445,22.25,brake,365.279,-24.266,0.0,378.096,-24.314,6.44,12.817,7.162,0
446,22.3,brake,365.279,-24.266,0.0,378.046,-24.314,1.68,12.767,27.417,0
447,22.35,brake,365.279,-24.266,0.0,378.043,-24.314,0.0,12.764,23616.139,0
448,22.4,brake,365.279,-24.266,0.0,378.032,-24.314,1.31,12.753,35.09,0
449,22.45,brake,365.279,-24.266,0.0,378.003,-24.314,2.45,12.724,18.706,0
450,22.5,brake,365.279,-24.266,0.0,377.96,-24.313,3.55,12.681,12.862,0
451,22.55,brake,365.279,-24.266,0.0,377.902,-24.313,4.5,12.623,10.106,0
452,22.6,brake,365.279,-24.266,0.0,377.83,-24.313,5.6,12.551,8.068,0
453,22.65,brake,365.279,-24.266,0.0,377.742,-24.313,6.75,12.463,6.647,0
454,22.7,brake,365.279,-24.266,0.0,377.639,-24.312,7.84,12.36,5.672,0
455,22.75,brake,365.279,-24.266,0.0,377.522,-24.312,8.78,12.243,5.019,0
456,22.8,brake,365.279,-24.266,0.0,377.397,-24.311,9.06,12.118,4.815,0
457,22.85,brake,365.279,-24.266,0.0,377.271,-24.311,8.99,11.992,4.805,0
458,22.9,brake,365.279,-24.266,0.0,377.151,-24.31,8.41,11.872,5.084,0
459,22.95,brake,365.279,-24.266,0.0,377.038,-24.31,7.91,11.759,5.353,0
460,23.0,brake,365.279,-24.266,0.0,376.943,-24.309,5.65,11.665,7.433,0
461,23.05,brake,365.279,-24.266,0.0,376.905,-24.309,0.91,11.626,46.186,0
462,23.1,brake,365.279,-24.266,0.0,376.904,-24.309,0.0,11.625,123726.83,0
463,23.15,brake,365.279,-24.266,0.0,376.895,-24.309,1.07,11.617,39.164,0
464,23.2,brake,365.279,-24.266,0.0,376.873,-24.309,1.94,11.594,21.548,0
465,23.25,brake,365.279,-24.266,0.0,376.838,-24.309,2.86,11.559,14.526,0
466,23.3,brake,365.279,-24.266,0.0,376.79,-24.309,3.81,11.512,10.887,0
467,23.35,brake,365.279,-24.266,0.0,376.729,-24.309,4.75,11.45,8.678,0
468,23.4,brake,365.279,-24.266,0.0,376.654,-24.308,5.87,11.375,6.973,0
469,23.45,brake,365.279,-24.266,0.0,376.564,-24.308,6.85,11.285,5.928,0
470,23.5,brake,365.279,-24.266,0.0,376.459,-24.308,7.92,11.18,5.08,0
471,23.55,brake,365.279,-24.266,0.0,376.341,-24.307,8.82,11.062,4.515,0
472,23.6,brake,365.279,-24.266,0.0,376.215,-24.307,9.15,10.936,4.305,0
473,23.65,brake,365.279,-24.266,0.0,376.089,-24.307,9.02,10.81,4.316,0
474,23.7,brake,365.279,-24.266,0.0,375.967,-24.306,8.54,10.689,4.508,0
475,23.75,brake,365.279,-24.266,0.0,375.853,-24.306,7.99,10.575,4.765,0
476,23.8,brake,365.279,-24.266,0.0,375.751,-24.306,6.63,10.472,5.682,0
477,23.85,brake,365.279,-24.266,0.0,375.696,-24.305,2.07,10.417,18.087,0
478,23.9,brake,365.279,-24.266,0.0,375.692,-24.305,0.0,10.413,41936.997,0
479,23.95,brake,365.279,-24.266,0.0,375.683,-24.305,1.15,10.404,32.691,0
480,24.0,brake,365.279,-24.266,0.0,375.66,-24.305,2.04,10.382,18.288,0
481,24.05,brake,365.279,-24.266,0.0,375.651,-24.305,0.0,10.372,43745.758,0
482,24.1,brake,365.279,-24.266,0.0,375.651,-24.305,0.0,10.372,95928.573,0
483,24.15,brake,365.279,-24.266,0.0,375.651,-24.305,0.0,10.372,77003.268,0
484,24.2,brake,365.279,-24.266,0.0,375.651,-24.305,0.0,10.372,86552.331,0
485,24.25,brake,365.279,-24.266,0.0,375.65,-24.305,0.0,10.372,107860.084,0
486,24.3,brake,365.279,-24.266,0.0,375.65,-24.305,0.0,10.372,140387.713,0
487,24.35,brake,365.279,-24.266,0.0,375.65,-24.305,0.0,10.372,186221.684,0
488,24.4,brake,365.279,-24.266,0.0,375.65,-24.305,0.0,10.372,249476.709,0
489,24.45,brake,365.279,-24.266,0.0,375.65,-24.305,0.0,10.372,-1,0
490,24.5,brake,365.279,-24.266,0.0,375.65,-24.305,0.0,10.372,552337.276,0
491,24.55,brake,365.279,-24.266,0.0,375.65,-24.305,0.0,10.372,553248.698,0
492,24.6,brake,365.279,-24.266,0.0,375.65,-24.305,0.0,10.372,663265.197,0
493,24.65,brake,365.279,-24.266,0.0,375.65,-24.305,0.0,10.372,850576.249,0
494,24.7,brake,365.279,-24.266,0.0,375.65,-24.305,0.0,10.372,1119520.031,0
495,24.75,brake,365.279,-24.266,0.0,375.65,-24.305,0.0,10.372,1483578.566,0
496,24.8,brake,365.279,-24.266,0.0,375.65,-24.305,0.0,10.371,1975621.063,0
497,24.85,brake,365.279,-24.266,0.0,375.65,-24.305,0.0,10.371,2613310.07,0
498,24.9,brake,365.279,-24.266,0.0,375.65,-24.305,0.0,10.371,5688081.548,0
499,24.95,brake,365.279,-24.266,0.0,375.65,-24.305,0.0,10.371,4737934.221,0
500,25.0,brake,365.279,-24.266,0.0,375.65,-24.305,0.0,10.371,5464256.111,0
501,25.05,brake,365.279,-24.266,0.0,375.65,-24.305,0.0,10.371,6386779.113,0
502,25.1,brake,365.279,-24.266,0.0,375.65,-24.305,0.0,10.371,9144464.519,0
503,25.15,brake,365.279,-24.266,0.0,375.65,-24.305,0.0,10.371,8297219.286,0
504,25.2,brake,365.279,-24.266,0.0,375.65,-24.305,0.0,10.371,15648061.146,0
505,25.25,brake,365.279,-24.266,0.0,375.65,-24.305,0.0,10.371,13870141.637,0
506,25.3,brake,365.279,-24.266,0.0,375.65,-24.305,0.0,10.371,47543551.536,0
507,25.35,brake,365.279,-24.266,0.0,375.65,-24.305,0.0,10.371,43225955.061,0
508,25.4,brake,365.279,-24.266,0.0,375.65,-24.305,0.0,10.371,20440914.683,0
509,25.45,brake,365.279,-24.266,0.0,375.65,-24.305,0.0,10.371,35776578.385,0
510,25.5,brake,365.279,-24.266,0.0,375.65,-24.305,0.0,10.371,18855903.514,0
511,25.55,brake,365.279,-24.266,0.0,375.65,-24.305,0.0,10.371,11831101.63,0
512,25.6,brake,365.279,-24.266,0.0,375.65,-24.305,0.0,10.371,11260175.531,0
513,25.65,brake,365.279,-24.266,0.0,375.65,-24.305,0.0,10.371,16048629.94,0
514,25.7,brake,365.279,-24.266,0.0,375.65,-24.305,0.0,10.371,8047633.614,0
515,25.75,brake,365.279,-24.266,0.0,375.65,-24.305,0.0,10.371,101929082.335,0
516,25.8,brake,365.279,-24.266,0.0,375.65,-24.305,0.0,10.371,13412934.835,0
517,25.85,brake,365.279,-24.266,0.0,375.65,-24.305,0.0,10.371,145933551.403,0
518,25.9,brake,365.279,-24.266,0.0,375.65,-24.305,0.0,10.371,12636633.847,0
519,25.95,brake,365.279,-24.266,0.0,375.65,-24.305,0.0,10.371,7937637.127,0
520,26.0,brake,365.279,-24.266,0.0,375.65,-24.305,0.0,10.371,9879696.085,0
521,26.05,brake,365.279,-24.266,0.0,375.65,-24.305,0.0,10.371,13593241.692,0
522,26.1,brake,365.279,-24.266,0.0,375.65,-24.305,0.0,10.371,8428367.611,0
523,26.15,brake,365.279,-24.266,0.0,375.65,-24.305,0.0,10.371,120779537.887,0
524,26.2,brake,365.279,-24.266,0.0,375.65,-24.305,0.0,10.371,38819603.856,0
525,26.25,brake,365.279,-24.266,0.0,375.65,-24.305,0.0,10.371,25880509.119,0
526,26.3,brake,365.279,-24.266,0.0,375.65,-24.305,0.0,10.371,18744747.592,0
527,26.35,brake,365.279,-24.266,0.0,375.65,-24.305,0.0,10.371,14485638.113,0
528,26.4,brake,365.279,-24.266,0.0,375.65,-24.305,0.0,10.371,8496265.965,0
529,26.45,brake,365.279,-24.266,0.0,375.65,-24.305,0.0,10.371,9451465.591,0
530,26.5,brake,365.279,-24.266,0.0,375.65,-24.305,0.0,10.371,6590599.552,0
531,26.55,brake,365.279,-24.266,0.0,375.65,-24.305,0.0,10.371,-1,0
532,26.6,brake,365.279,-24.266,0.0,375.65,-24.305,0.0,10.371,77663613.278,0
533,26.65,brake,365.279,-24.266,0.0,375.65,-24.305,0.0,10.371,37164452.418,0
534,26.7,brake,365.279,-24.266,0.0,375.65,-24.305,0.0,10.371,25286801.509,0
535,26.75,brake,365.279,-24.266,0.0,375.65,-24.305,0.0,10.371,19028381.047,0
536,26.8,brake,365.279,-24.266,0.0,375.65,-24.305,0.0,10.371,40264011.84,0
537,26.85,brake,365.279,-24.266,0.0,375.65,-24.305,0.0,10.371,12742439.943,0
538,26.9,brake,365.279,-24.266,0.0,375.65,-24.305,0.0,10.371,10954366.148,0
539,26.95,brake,365.279,-24.266,0.0,375.65,-24.305,0.0,10.371,10534205.537,0
540,27.0,brake,365.279,-24.266,0.0,375.65,-24.305,0.0,10.371,120815659.167,0
541,27.05,brake,365.279,-24.266,0.0,375.65,-24.305,0.0,10.371,47280745.854,0
542,27.1,brake,365.279,-24.266,0.0,375.65,-24.305,0.0,10.371,31875535.542,0
543,27.15,brake,365.279,-24.266,0.0,375.65,-24.305,0.0,10.371,80457029.158,0
544,27.2,brake,365.279,-24.266,0.0,375.65,-24.305,0.0,10.371,18750422.085,0
545,27.25,brake,365.279,-24.266,0.0,375.65,-24.305,0.0,10.371,15317261.855,0
546,27.3,brake,365.279,-24.266,0.0,375.65,-24.305,0.0,10.371,22129701.268,0
547,27.35,brake,365.279,-24.266,0.0,375.65,-24.305,0.0,10.371,11569440.477,0
548,27.4,brake,365.279,-24.266,0.0,375.65,-24.305,0.0,10.371,362477254.401,0
549,27.45,brake,365.279,-24.266,0.0,375.65,-24.305,0.0,10.371,77678975.772,0
550,27.5,brake,365.279,-24.266,0.0,375.65,-24.305,0.0,10.371,41827334.247,0
551,27.55,brake,365.279,-24.266,0.0,375.65,-24.305,0.0,10.371,26524960.898,0
552,27.6,brake,365.279,-24.266,0.0,375.65,-24.305,0.0,10.371,19420115.808,0
553,27.65,brake,365.279,-24.266,0.0,375.65,-24.305,0.0,10.371,15993051.499,0
554,27.7,brake,365.279,-24.266,0.0,375.65,-24.305,0.0,10.371,13594093.67,0
555,27.75,brake,365.279,-24.266,0.0,375.65,-24.305,0.0,10.371,11820945.396,0
556,27.8,brake,365.279,-24.266,0.0,375.65,-24.305,0.0,10.371,10456988.64,0
557,27.85,brake,365.279,-24.266,0.0,375.65,-24.305,0.0,10.371,90626553.458,0
558,27.9,brake,365.279,-24.266,0.0,375.65,-24.305,0.0,10.371,45313571.773,0
559,27.95,brake,365.279,-24.266,0.0,375.65,-24.305,0.0,10.371,27885322.502,0
560,28.0,brake,365.279,-24.266,0.0,375.65,-24.305,0.0,10.371,20139396.331,0
561,28.05,brake,365.279,-24.266,0.0,375.65,-24.305,0.0,10.371,16231757.163,0
562,28.1,brake,365.279,-24.266,0.0,375.65,-24.305,0.0,10.371,13102742.087,0
563,28.15,brake,365.279,-24.266,0.0,375.65,-24.305,0.0,10.371,11211625.498,0
564,28.2,brake,365.279,-24.266,0.0,375.65,-24.305,0.0,10.371,9624138.264,0
565,28.25,brake,365.279,-24.266,0.0,375.65,-24.305,0.0,10.371,155360816.972,0
566,28.3,brake,365.279,-24.266,0.0,375.65,-24.305,0.0,10.371,54376248.148,0
567,28.35,brake,365.279,-24.266,0.0,375.65,-24.305,0.0,10.371,31986083.175,0
568,28.4,brake,365.279,-24.266,0.0,375.65,-24.305,0.0,10.371,21750545.483,0
569,28.45,brake,365.279,-24.266,0.0,375.65,-24.305,0.0,10.371,16731194.047,0
570,28.5,brake,365.279,-24.266,0.0,375.65,-24.305,0.0,10.371,13942660.593,0
571,28.55,brake,365.279,-24.266,0.0,375.65,-24.305,0.0,10.371,11820945.62,0
572,28.6,brake,365.279,-24.266,0.0,375.65,-24.305,0.0,10.371,10456992.344,0
573,28.65,brake,365.279,-24.266,0.0,375.65,-24.305,0.0,10.371,-1,0
574,28.7,brake,365.279,-24.266,0.0,375.65,-24.305,0.0,10.371,98865398.653,0
575,28.75,brake,365.279,-24.266,0.0,375.65,-24.305,0.0,10.371,49432930.926,0
576,28.8,brake,365.279,-24.266,0.0,375.65,-24.305,0.0,10.371,30208983.383,0
577,28.85,brake,365.279,-24.266,0.0,375.65,-24.305,0.0,10.371,22656798.258,0
578,28.9,brake,365.279,-24.266,0.0,375.65,-24.305,0.0,10.371,17540763.557,0
579,28.95,brake,365.279,-24.266,0.0,375.65,-24.305,0.0,10.371,14123735.106,0
580,29.0,brake,365.279,-24.266,0.0,375.65,-24.305,0.0,10.371,12083639.213,0
581,29.05,brake,365.279,-24.266,0.0,375.65,-24.305,0.0,10.371,10259695.217,0
582,29.1,brake,365.279,-24.266,0.0,375.65,-24.305,0.0,10.371,120836235.794,0
583,29.15,brake,365.279,-24.266,0.0,375.65,-24.305,0.0,10.371,45313597.206,0
584,29.2,brake,365.279,-24.266,0.0,375.65,-24.305,0.0,10.371,29392637.349,0
585,29.25,brake,365.279,-24.266,0.0,375.65,-24.305,0.0,10.371,20519380.455,0
586,29.3,brake,365.279,-24.266,0.0,375.65,-24.305,0.0,10.371,16992615.25,0
587,29.35,brake,365.279,-24.266,0.0,375.65,-24.305,0.0,10.371,13594093.705,0
588,29.4,brake,365.279,-24.266,0.0,375.65,-24.305,0.0,10.371,11820951.899,0
589,29.45,brake,365.279,-24.266,0.0,375.65,-24.305,0.0,10.371,10069700.191,0
590,29.5,brake,365.279,-24.266,0.0,375.65,-24.305,0.0,10.371,362477254.41,0
591,29.55,brake,365.279,-24.266,0.0,375.65,-24.305,0.0,10.371,67970311.886,0
592,29.6,brake,365.279,-24.266,0.0,375.65,-24.305,0.0,10.371,38840173.886,0
593,29.65,brake,365.279,-24.266,0.0,375.65,-24.305,0.0,10.371,25291337.852,0
594,29.7,brake,365.279,-24.266,0.0,375.65,-24.305,0.0,10.371,19773227.125,0
595,29.75,brake,365.279,-24.266,0.0,375.65,-24.305,0.0,10.371,15761268.199,0
596,29.8,brake,365.279,-24.266,0.0,375.65,-24.305,0.0,10.371,12946757.427,0
597,29.85,brake,365.279,-24.266,0.0,375.65,-24.305,0.0,10.371,10985128.006,0
598,29.9,brake,365.279,-24.266,0.0,375.65,-24.305,0.0,10.371,9624138.412,0
599,29.95,brake,365.279,-24.266,0.0,375.65,-24.305,0.0,10.371,90626966.16,0
