step	language
1	Follow the route. Accelerate to follow the navy car that is to the front in 10.2 meters. Waypoints:
2	Follow the route. Accelerate to follow the navy car that is to the front in 10.3 meters. Waypoints:
3	Follow the route. Maintain the reduced speed to stay behind the navy car that is to the front. Waypoints:
4	Follow the route. Maintain the reduced speed to stay behind the navy car that is to the front. Waypoints:
5	Follow the route. Accelerate to follow the navy car that is to the front in 10.2 meters. Waypoints:
6	Follow the route. Accelerate to follow the navy car that is to the front. Waypoints:
7	Follow the route. Accelerate to follow the navy car that is to the front in 10.3 meters. Waypoints:
8	Follow the route. Accelerate to follow the navy car that is to the front in 10.3 meters. Waypoints:
9	Follow the route. Accelerate to follow the navy car that is to the front. Waypoints:
10	Follow the route. Accelerate to follow the navy car that is to the front in 10.2 meters. Waypoints:
11	Follow the route. Accelerate to follow the navy car that is to the front in 10.3 meters. Waypoints:
12	Follow the route. Accelerate to follow the navy car that is to the front. Waypoints:
13	Follow the route. Accelerate to follow the navy car that is to the front in 10.2 meters. Waypoints:
14	Follow the route. Accelerate to follow the navy car that is to the front in 10.3 meters. Waypoints:
15	Follow the route. Accelerate to follow the navy car that is to the front in 10.2 meters. Waypoints:
16	Follow the route. Maintain the reduced speed to stay behind the navy car that is to the front in 10.0 meters. Waypoints:
17	Follow the route. Maintain the reduced speed to stay behind the navy car that is to the front. Waypoints:
18	Follow the route. Maintain the reduced speed to stay behind the navy car that is to the front in 10.2 meters. Waypoints:
19	Follow the route. Maintain the reduced speed to stay behind the navy car that is to the front in 9.9 meters. Waypoints:
20	Follow the route. Maintain the reduced speed to stay behind the navy car that is to the front. Waypoints:
21	Follow the route. Maintain the reduced speed to stay behind the navy car that is to the front in 9.7 meters. Waypoints:
22	Follow the route. Decelerate to stay behind the navy car that is to the front in 9.4 meters. Waypoints:
23	Follow the route. Decelerate to stay behind the navy car that is to the front. Waypoints:
24	Follow the route. Decelerate to stay behind the navy car that is to the front in 9.3 meters. Waypoints:
25	Follow the route. Decelerate to stay behind the navy car that is to the front. Waypoints:
26	Follow the route. Decelerate to stay behind the navy car that is to the front. Waypoints:
27	Follow the route. Decelerate to stay behind the navy car that is to the front. Waypoints:
28	Follow the route. Maintain the reduced speed to stay behind the navy car that is to the front. Waypoints:
29	Follow the route. Maintain the reduced speed to stay behind the navy car that is to the front. Waypoints:
30	Follow the route. Accelerate to follow the navy car that is to the front in 9.0 meters. Waypoints:
31	Follow the route. Accelerate to follow the navy car that is to the front in 9.3 meters. Waypoints:
32	Follow the route. Accelerate to follow the navy car that is to the front in 9.3 meters. Waypoints:
33	Follow the route. Accelerate to follow the navy car that is to the front in 9.6 meters. Waypoints:
34	Follow the route. Accelerate to follow the navy car that is to the front in 9.6 meters. Waypoints:
35	Follow the route. Accelerate to follow the navy car that is to the front in 10.0 meters. Waypoints:
36	Follow the route. Accelerate to follow the navy car that is to the front in 9.9 meters. Waypoints:
37	Follow the route. Accelerate to follow the navy car that is to the front in 10.0 meters. Waypoints:
38	Follow the route. Accelerate to follow the navy car that is to the front in 10.2 meters. Waypoints:
39	Follow the route. Accelerate to follow the navy car that is to the front in 10.2 meters. Waypoints:
40	Follow the route. Accelerate to follow the navy car that is to the front in 10.2 meters. Waypoints:
41	Follow the route. Accelerate to follow the navy car that is to the front in 10.3 meters. Waypoints:
42	Follow the route. Accelerate to follow the navy car that is to the front in 10.3 meters. Waypoints:
43	Follow the route. Accelerate to follow the navy car that is to the front in 10.9 meters. Waypoints:
44	Follow the route. Accelerate to follow the navy car that is to the front in 110.3 meters. Waypoints:
45	Follow the route. Accelerate to follow the navy car that is to the front in 110.3 meters. Waypoints:
46	Follow the route. Accelerate to follow the navy car that is to the front in 114.3 meters. Waypoints:
47	Follow the route. Accelerate to follow the navy car that is to the front in 12.3 meters. Waypoints:
48	Follow the route. Accelerate to follow the navy car that is to the front in 12.3 meters. Waypoints:
49	Follow the route. Accelerate to follow the navy car that is to the front in 12.3 meters. Waypoints:
50	Follow the route. Accelerate to follow the navy car that is to the front in 12.3 meters. Waypoints:
51	Follow the route. Accelerate to follow the navy car that is to the front. Waypoints:
52	Follow the route. Accelerate to follow the navy car that is to the front in 12.3 meters. Waypoints:
53	Follow the route. Accelerate to follow the navy car that is to the front in 13.1 meters. Waypoints:
54	Follow the route. Accelerate to follow the navy car that is to the front in 12.9 meters. Waypoints:
55	Follow the route. Maintain the reduced speed to stay behind the navy car that is to the front. Waypoints:
56	Follow the route. Maintain the reduced speed to stay behind the navy car that is to the front in 12.9 meters. Waypoints:
57	Follow the route. Maintain the reduced speed to stay behind the navy car that is to the front. Waypoints:
58	Follow the route. Maintain the reduced speed to stay behind the navy car that is to the front. Waypoints:
59	Follow the route. Maintain the reduced speed to stay behind the navy car that is to the front. Waypoints:
60	Follow the route. Maintain the reduced speed to stay behind the navy car that is to the front. Waypoints:
61	Follow the route. Maintain the reduced speed to stay behind the navy car that is to the front. Waypoints:
62	Follow the route. Maintain the reduced speed to stay behind the navy car that is to the front. Waypoints:
63	Follow the route. Maintain the reduced speed to stay behind the navy car that is to the front. Waypoints:
64	Follow the route. Maintain the reduced speed to stay behind the navy car that is to the front. Waypoints:
65	Follow the route. Maintain the reduced speed to stay behind the navy car that is to the front in 12.0 meters. Waypoints:
66	Follow the route. Maintain the reduced speed to stay behind the navy car that is to the front. Waypoints:
67	Follow the route. Maintain the reduced speed to stay behind the navy car that is to the front. Waypoints:
68	Follow the route. Maintain the reduced speed to stay behind the navy car that is to the front. Waypoints:
69	Follow the route. Maintain the reduced speed to stay behind the navy car that is to the front. Waypoints:
70	Follow the route. Maintain the reduced speed to stay behind the navy car that is to the front. Waypoints:
71	Follow the route. Maintain the reduced speed to stay behind the navy car that is to the front in 110.3 meters. Waypoints:
72	Follow the route. Maintain the reduced speed to stay behind the navy car that is to the front. Waypoints:
73	Follow the route. Maintain the reduced speed to stay behind the navy car that is to the front in 10.9 meters. Waypoints:
74	Follow the route. Maintain the reduced speed to stay behind the navy car that is to the front. Waypoints:
75	Follow the route. Maintain the reduced speed to stay behind the navy car that is to the front. Waypoints:
76	Follow the route. Maintain the reduced speed to stay behind the navy car that is to the front. Waypoints:
77	Follow the route. Maintain the reduced speed to stay behind the navy car that is to the front. Waypoints:
78	Follow the route. Maintain the reduced speed to stay behind the navy car that is to the front in 10.4 meters. Waypoints:
79	Follow the route. Maintain the reduced speed to stay behind the navy car that is to the front. Waypoints:
80	Follow the route. Maintain the reduced speed to stay behind the navy car that is to the front. Waypoints:
81	Follow the route. Maintain the reduced speed to stay behind the navy car that is to the front. Waypoints:
82	Follow the route. Maintain the reduced speed to stay behind the navy car that is to the front. Waypoints:
83	Follow the route. Maintain the reduced speed to stay behind the navy car that is to the front. Waypoints:
84	Follow the route. Maintain the reduced speed to stay behind the navy car that is to the front. Waypoints:
85	Follow the route. Maintain the reduced speed to stay behind the navy car that is to the front. Waypoints:
86	Follow the route. Maintain the reduced speed to stay behind the navy car that is to the front. Waypoints:
87	Follow the route. Maintain the reduced speed to stay behind the navy car that is to the front in 10.2 meters. Waypoints:
88	Follow the route. Maintain the reduced speed to stay behind the navy car that is to the front. Waypoints:
89	Follow the route. Maintain the reduced speed to stay behind the navy car that is to the front. Waypoints:
90	Follow the route. Maintain the reduced speed to stay behind the navy car that is to the front in 10.3 meters. Waypoints:
91	Follow the route. Maintain the reduced speed to stay behind the navy car that is to the front in 10.2 meters. Waypoints:
92	Follow the route. Maintain the reduced speed to stay behind the navy car that is to the front. Waypoints:
93	Follow the route. Maintain the reduced speed to stay behind the navy car that is to the front. Waypoints:
94	Follow the route. Maintain the reduced speed to stay behind the navy car that is to the front. Waypoints:
95	Follow the route. Accelerate to follow the navy car that is to the front in 10.3 meters. Waypoints:
96	Follow the route. Accelerate to follow the navy car that is to the front in 10.3 meters. Waypoints:
97	Follow the route. Accelerate to follow the navy car that is to the front in 10.3 meters. Waypoints:
98	Follow the route. Maintain the reduced speed to stay behind the navy car that is to the front. Waypoints:
99	Follow the route. Maintain the reduced speed to stay behind the navy car that is to the front. Waypoints:
100	Follow the route. Maintain the reduced speed to stay behind the navy car that is to the front in 10.3 meters. Waypoints:
101	Follow the route. Maintain the reduced speed to stay behind the navy car that is to the front. Waypoints:
102	Follow the route. Maintain the reduced speed to stay behind the navy car that is to the front. Waypoints:
103	Follow the route. Maintain the reduced speed to stay behind the navy car that is to the front. Waypoints:
104	Follow the route. Maintain the reduced speed to stay behind the navy car that is to the front. Waypoints:
105	Follow the route. Maintain the reduced speed to stay behind the navy car that is to the front in 10.4 meters. Waypoints:
106	Follow the route. Maintain the reduced speed to stay behind the navy car that is to the front. Waypoints:
107	Follow the route. Maintain the reduced speed to stay behind the navy car that is to the front. Waypoints:
108	Follow the route. Maintain the reduced speed to stay behind the navy car that is to the front in 10.3 meters. Waypoints:
109	Follow the route. Maintain the reduced speed to stay behind the navy car that is to the front. Waypoints:
110	Follow the route. Maintain the reduced speed to stay behind the navy car that is to the front. Waypoints:
111	Follow the route. Maintain the reduced speed to stay behind the navy car that is to the front. Waypoints:
112	Follow the route. Maintain the reduced speed to stay behind the navy car that is to the front in 10.2 meters. Waypoints:
113	Follow the route. Maintain the reduced speed to stay behind the navy car that is to the front. Waypoints:
114	Follow the route. Maintain the reduced speed to stay behind the navy car that is to the front. Waypoints:
115	Follow the route. Maintain the reduced speed to stay behind the navy car that is to the front in 10.3 meters. Waypoints:
116	Follow the route. Maintain the reduced speed to stay behind the navy car that is to the front. Waypoints:
117	Follow the route. Maintain the reduced speed to stay behind the navy car that is to the front. Waypoints:
118	Follow the route. Maintain the reduced speed to stay behind the navy car that is to the front. Waypoints:
119	Follow the route. Maintain the reduced speed to stay behind the navy car that is to the front in 10.3 meters. Waypoints:
120	Follow the route. Maintain the reduced speed to stay behind the navy car that is to the front in 10.2 meters. Waypoints:
121	Follow the route. Maintain the reduced speed to stay behind the navy car that is to the front. Waypoints:
122	Follow the route. Maintain the reduced speed to stay behind the navy car that is to the front in 9.9 meters. Waypoints:
123	Follow the route. Maintain the reduced speed to stay behind the navy car that is to the front in 10.0 meters. Waypoints:
124	Follow the route. Maintain the reduced speed to stay behind the navy car that is to the front in 9.7 meters. Waypoints:
125	Follow the route. Maintain the reduced speed to stay behind the navy car that is to the front in 9.7 meters. Waypoints:
126	Follow the route. Maintain the reduced speed to stay behind the navy car that is to the front. Waypoints:
127	Follow the route. Accelerate to follow the navy car that is to the front in 10.0 meters. Waypoints:
128	Follow the route. Accelerate to follow the navy car that is to the front. Waypoints:
129	Follow the route. Accelerate to follow the navy car that is to the front in 10.3 meters. Waypoints:
130	Follow the route. Accelerate to follow the navy car that is to the front in 10.2 meters. Waypoints:
131	Follow the route. Accelerate to follow the navy car that is to the front. Waypoints:
132	Follow the route. Accelerate to follow the navy car that is to the front in 10.4 meters. Waypoints:
133	Follow the route. Accelerate to follow the navy car that is to the front in 10.9 meters. Waypoints:
134	Follow the route. Accelerate to follow the navy car that is to the front in 110.3 meters. Waypoints:
135	Follow the route. Accelerate to follow the navy car that is to the front in 110.3 meters. Waypoints:
136	Follow the route. Accelerate to follow the navy car that is to the front. Waypoints:
137	Follow the route. Accelerate to follow the navy car that is to the front in 110.3 meters. Waypoints:
138	Follow the route. Accelerate to follow the navy car that is to the front in 110.3 meters. Waypoints:
139	Follow the route. Accelerate to follow the navy car that is to the front in 110.3 meters. Waypoints:
140	Follow the route. Accelerate to follow the navy car that is to the front in 110.3 meters. Waypoints:
141	Follow the route. Accelerate to follow the navy car that is to the front in 110.3 meters. Waypoints:
142	Follow the route. Maintain the reduced speed to stay behind the navy car that is to the front. Waypoints:
143	Follow the route. Maintain the reduced speed to stay behind the navy car that is to the front. Waypoints:
144	Follow the route. Maintain the reduced speed to stay behind the navy car that is to the front. Waypoints:
145	Follow the route. Maintain the reduced speed to stay behind the navy car that is to the front. Waypoints:
146	Follow the route. Maintain the reduced speed to stay behind the navy car that is to the front. Waypoints:
147	Follow the route. Maintain the reduced speed to stay behind the navy car that is to the front in 114.3 meters. Waypoints:
148	Follow the route. Maintain the reduced speed to stay behind the navy car that is to the front. Waypoints:
149	Follow the route. Maintain the reduced speed to stay behind the navy car that is to the front in 110.3 meters. Waypoints:
150	Follow the route. Maintain the reduced speed to stay behind the navy car that is to the front. Waypoints:
151	Follow the route. Maintain the reduced speed to stay behind the navy car that is to the front. Waypoints:
152	Follow the route. Maintain the reduced speed to stay behind the navy car that is to the front. Waypoints:
153	Follow the route. Maintain the reduced speed to stay behind the navy car that is to the front. Waypoints:
154	Follow the route. Maintain the reduced speed to stay behind the navy car that is to the front. Waypoints:
155	Follow the route. Maintain the reduced speed to stay behind the navy car that is to the front. Waypoints:
156	Follow the route. Maintain the reduced speed to stay behind the navy car that is to the front. Waypoints:
157	Follow the route. Decelerate to stay behind the navy car that is to the front. Waypoints:
158	Follow the route. Maintain the reduced speed to stay behind the navy car that is to the front. Waypoints:
159	Follow the route. Decelerate to stay behind the navy car that is to the front in 10.9 meters. Waypoints:
160	Follow the route. Decelerate to stay behind the navy car that is to the front in 10.4 meters. Waypoints:
161	Follow the route. Decelerate to stay behind the navy car that is to the front in 10.4 meters. Waypoints:
162	Follow the route. Maintain the reduced speed to stay behind the navy car that is to the front in 10.4 meters. Waypoints:
163	Follow the route. Maintain the reduced speed to stay behind the navy car that is to the front in 10.4 meters. Waypoints:
164	Follow the route. Maintain the reduced speed to stay behind the navy car that is to the front. Waypoints:
165	Follow the route. Decelerate to stay behind the navy car that is to the front in 10.3 meters. Waypoints:
166	Follow the route. Maintain the reduced speed to stay behind the navy car that is to the front. Waypoints:
167	Follow the route. Maintain the reduced speed to stay behind the navy car that is to the front in 10.3 meters. Waypoints:
168	Follow the route. Maintain the reduced speed to stay behind the navy car that is to the front. Waypoints:
169	Follow the route. Maintain the reduced speed to stay behind the navy car that is to the front in 10.2 meters. Waypoints:
170	Follow the route. Maintain the reduced speed to stay behind the navy car that is to the front. Waypoints:
171	Follow the route. Maintain the reduced speed to stay behind the navy car that is to the front. Waypoints:
172	Follow the route. Maintain the reduced speed to stay behind the navy car that is to the front. Waypoints:
173	Follow the route. Maintain the reduced speed to stay behind the navy car that is to the front in 10.2 meters. Waypoints:
174	Follow the route. Maintain the reduced speed to stay behind the navy car that is to the front. Waypoints:
175	Follow the route. Maintain the reduced speed to stay behind the navy car that is to the front. Waypoints:
176	Follow the route. Maintain the reduced speed to stay behind the navy car that is to the front in 10.3 meters. Waypoints:
177	Follow the route. Maintain the reduced speed to stay behind the navy car that is to the front. Waypoints:
178	Follow the route. Maintain the reduced speed to stay behind the navy car that is to the front in 10.0 meters. Waypoints:
179	Follow the route. Maintain the reduced speed to stay behind the navy car that is to the front. Waypoints:
180	Follow the route. Maintain the reduced speed to stay behind the navy car that is to the front in 10.2 meters. Waypoints:
181	Follow the route. Maintain the reduced speed to stay behind the navy car that is to the front in 10.2 meters. Waypoints:
182	Follow the route. Maintain the reduced speed to stay behind the navy car that is to the front in 10.2 meters. Waypoints:
183	Follow the route. Maintain the reduced speed to stay behind the navy car that is to the front in 10.2 meters. Waypoints:
184	Follow the route. Maintain the reduced speed to stay behind the navy car that is to the front. Waypoints:
185	Follow the route. Accelerate to follow the navy car that is to the front in 10.3 meters. Waypoints:
186	Follow the route. Accelerate to follow the navy car that is to the front in 10.3 meters. Waypoints:
187	Follow the route. Accelerate to follow the navy car that is to the front in 10.4 meters. Waypoints:
188	Follow the route. Maintain the reduced speed to stay behind the navy car that is to the front. Waypoints:
189	Follow the route. Maintain the reduced speed to stay behind the navy car that is to the front in 10.3 meters. Waypoints:
190	Follow the route. Maintain the reduced speed to stay behind the navy car that is to the front. Waypoints:
191	Follow the route. Maintain the reduced speed to stay behind the navy car that is to the front. Waypoints:
192	Follow the route. Maintain the reduced speed to stay behind the navy car that is to the front in 10.4 meters. Waypoints:
193	Follow the route. Maintain the reduced speed to stay behind the navy car that is to the front in 10.4 meters. Waypoints:
194	Follow the route. Maintain the reduced speed to stay behind the navy car that is to the front. Waypoints:
195	Follow the route. Maintain the reduced speed to stay behind the navy car that is to the front in 10.4 meters. Waypoints:
196	Follow the route. Maintain the reduced speed to stay behind the navy car that is to the front. Waypoints:
197	Follow the route. Maintain the reduced speed to stay behind the navy car that is to the front in 10.4 meters. Waypoints:
198	Follow the route. Maintain the reduced speed to stay behind the navy car that is to the front in 10.4 meters. Waypoints:
199	Follow the route. Maintain the reduced speed to stay behind the navy car that is to the front. Waypoints:
200	Follow the route. Maintain the reduced speed to stay behind the navy car that is to the front in 10.4 meters. Waypoints:
201	Follow the route. Maintain the reduced speed to stay behind the navy car that is to the front in 10.4 meters. Waypoints:
202	Follow the route. Maintain the reduced speed to stay behind the navy car that is to the front. Waypoints:
203	Follow the route. Maintain the reduced speed to stay behind the navy car that is to the front. Waypoints:
204	Follow the route. Maintain the reduced speed to stay behind the navy car that is to the front in 10.4 meters. Waypoints:
205	Follow the route. Maintain the reduced speed to stay behind the navy car that is to the front. Waypoints:
206	Follow the route. Maintain the reduced speed to stay behind the navy car that is to the front. Waypoints:
207	Follow the route. Maintain the reduced speed to stay behind the navy car that is to the front in 10.3 meters. Waypoints:
208	Follow the route. Maintain the reduced speed to stay behind the navy car that is to the front in 10.3 meters. Waypoints:
209	Follow the route. Maintain the reduced speed to stay behind the navy car that is to the front in 10.3 meters. Waypoints:
210	Follow the route. Maintain the reduced speed to stay behind the navy car that is to the front in 9.9 meters. Waypoints:
211	Follow the route. Maintain the reduced speed to stay behind the navy car that is to the front in 9.9 meters. Waypoints:
212	Follow the route. Decelerate to stay behind the navy car that is to the front in 9.6 meters. Waypoints:
213	Follow the route. Decelerate to stay behind the navy car that is to the front in 9.4 meters. Waypoints:
214	Follow the route. Decelerate to stay behind the navy car that is to the front in 9.0 meters. Waypoints:
215	Follow the route. Decelerate to stay behind the navy car that is to the front in 9.0 meters. Waypoints:
216	Follow the route. Decelerate to stay behind the navy car that is to the front in 8.9 meters. Waypoints:
217	Follow the route. Decelerate to stay behind the navy car that is to the front in 8.3 meters. Waypoints:
218	Follow the route. Decelerate to stay behind the navy car that is to the front in 7.9 meters. Waypoints:
219	Follow the route. Decelerate to stay behind the navy car that is to the front in 7.8 meters. Waypoints:
220	Follow the route. Maintain the reduced speed to stay behind the navy car that is to the front in 7.8 meters. Waypoints:
221	Follow the route. Remain stopped to stay behind the navy car that is to the front. Waypoints:
222	Follow the route. Remain stopped to stay behind the navy car that is to the front. Waypoints:
223	Follow the route. Remain stopped to stay behind the navy car that is to the front. Waypoints:
224	Follow the route. Remain stopped to stay behind the navy car that is to the front. Waypoints:
225	Follow the route. Remain stopped to stay behind the navy car that is to the front. Waypoints:
226	Follow the route. Remain stopped to stay behind the navy car that is to the front in 7.9 meters. Waypoints:
227	Follow the route. Remain stopped to stay behind the navy car that is to the front. Waypoints:
228	Follow the route. Remain stopped to stay behind the navy car that is to the front. Waypoints:
229	Follow the route. Remain stopped to stay behind the navy car that is to the front. Waypoints:
230	Follow the route. Remain stopped to stay behind the navy car that is to the front. Waypoints:
231	Follow the route. Remain stopped to stay behind the navy car that is to the front. Waypoints:
232	Follow the route. Remain stopped to stay behind the navy car that is to the front. Waypoints:
233	Follow the route. Remain stopped to stay behind the navy car that is to the front. Waypoints:
234	Follow the route. Remain stopped to stay behind the navy car that is to the front. Waypoints:
235	Follow the route. Remain stopped to stay behind the navy car that is to the front in 7.8 meters. Waypoints:
236	Follow the route. Remain stopped to stay behind the navy car that is to the front in 7.5 meters. Waypoints:
237	Follow the route. Remain stopped to stay behind the navy car that is to the front. Waypoints:
238	Follow the route. Remain stopped to stay behind the navy car that is to the front in 7.8 meters. Waypoints:
239	Follow the route. Remain stopped to stay behind the navy car that is to the front. Waypoints:
240	Follow the route. Remain stopped to stay behind the navy car that is to the front. Waypoints:
241	Follow the route. Remain stopped to stay behind the navy car that is to the front. Waypoints:
242	Follow the route. Remain stopped to stay behind the navy car that is to the front in 7.8 meters. Waypoints:
243	Follow the route. Remain stopped to stay behind the navy car that is to the front. Waypoints:
244	Follow the route. Remain stopped to stay behind the navy car that is to the front. Waypoints:
245	Follow the route. Remain stopped to stay behind the navy car that is to the front. Waypoints:
246	Follow the route. Remain stopped to stay behind the navy car that is to the front. Waypoints:
247	Follow the route. Remain stopped to stay behind the navy car that is to the front. Waypoints:
248	Follow the route. Remain stopped to stay behind the navy car that is to the front in 7.8 meters. Waypoints:
249	Follow the route. Remain stopped to stay behind the navy car that is to the front. Waypoints:
250	Follow the route. Remain stopped to stay behind the navy car that is to the front. Waypoints:
251	Follow the route. Remain stopped to stay behind the navy car that is to the front. Waypoints:
252	Follow the route. Remain stopped to stay behind the navy car that is to the front in 7.8 meters. Waypoints:
253	Follow the route. Remain stopped to stay behind the navy car that is to the front in 7.8 meters. Waypoints:
254	Follow the route. Remain stopped to stay behind the navy car that is to the front in 7.8 meters. Waypoints:
255	Follow the route. Remain stopped to stay behind the navy car that is to the front. Waypoints:
256	Follow the route. Remain stopped to stay behind the navy car that is to the front in 7.8 meters. Waypoints:
257	Follow the route. Remain stopped to stay behind the navy car that is to the front. Waypoints:
258	Follow the route. Remain stopped to stay behind the navy car that is to the front. Waypoints:
259	Follow the route. Remain stopped to stay behind the navy car that is to the front. Waypoints:
260	Follow the route. Remain stopped to stay behind the navy car that is to the front. Waypoints:
261	Follow the route. Remain stopped to stay behind the navy car that is to the front. Waypoints:
262	Follow the route. Remain stopped to stay behind the navy car that is to the front in 7.8 meters. Waypoints:
263	Follow the route. Remain stopped to stay behind the navy car that is to the front in 7.8 meters. Waypoints:
264	Follow the route. Remain stopped to stay behind the navy car that is to the front. Waypoints:
265	Follow the route. Remain stopped to stay behind the navy car that is to the front. Waypoints:
266	Follow the route. Remain stopped to stay behind the navy car that is to the front. Waypoints:
267	Follow the route. Remain stopped to stay behind the navy car that is to the front. Waypoints:
268	Follow the route. Remain stopped to stay behind the navy car that is to the front. Waypoints:
269	Follow the route. Remain stopped to stay behind the navy car that is to the front. Waypoints:
270	Follow the route. Remain stopped to stay behind the navy car that is to the front. Waypoints:
271	Follow the route. Remain stopped to stay behind the navy car that is to the front. Waypoints:
272	Follow the route. Remain stopped to stay behind the navy car that is to the front. Waypoints:
273	Follow the route. Remain stopped to stay behind the navy car that is to the front. Waypoints:
274	Follow the route. Remain stopped to stay behind the navy car that is to the front. Waypoints:
275	Follow the route. Remain stopped to stay behind the navy car that is to the front in 7.7 meters. Waypoints:
276	Follow the route. Remain stopped to stay behind the navy car that is to the front. Waypoints:
277	Follow the route. Remain stopped to stay behind the navy car that is to the front. Waypoints:
278	Follow the route. Remain stopped to stay behind the navy car that is to the front. Waypoints:
279	Follow the route. Remain stopped to stay behind the navy car that is to the front in 7.8 meters. Waypoints:
280	Follow the route. Remain stopped to stay behind the navy car that is to the front. Waypoints:
281	Follow the route. Remain stopped to stay behind the black car that is to the front. Waypoints:
282	Follow the route. Remain stopped to stay behind the navy car that is to the front. Waypoints:
283	Follow the route. Remain stopped to stay behind the navy car that is to the front. Waypoints:
284	Follow the route. Remain stopped to stay behind the navy car that is to the front. Waypoints:
285	Follow the route. Remain stopped to stay behind the navy car that is to the front. Waypoints:
286	Follow the route. Remain stopped to stay behind the navy car that is to the front in 7.9 meters. Waypoints:
287	Follow the route. Remain stopped to stay behind the navy car that is to the front in 7.5 meters. Waypoints:
288	Follow the route. Remain stopped to stay behind the navy car that is to the front. Waypoints:
289	Follow the route. Remain stopped to stay behind the navy car that is to the front. Waypoints:
290	Follow the route. Remain stopped to stay behind the navy car that is to the front. Waypoints:
291	Follow the route. Remain stopped to stay behind the navy car that is to the front in 7.8 meters. Waypoints:
292	Follow the route. Remain stopped to stay behind the navy car that is to the front. Waypoints:
293	Follow the route. Remain stopped to stay behind the navy car that is to the front. Waypoints:
294	Follow the route. Remain stopped to stay behind the navy car that is to the front. Waypoints:
295	Follow the route. Remain stopped to stay behind the navy car that is to the front. Waypoints:
296	Follow the route. Remain stopped to stay behind the navy car that is to the front. Waypoints:
297	Follow the route. Remain stopped to stay behind the navy car that is to the front. Waypoints:
298	Follow the route. Remain stopped to stay behind the navy car that is to the front in 7.8 meters. Waypoints:
299	Follow the route. Remain stopped to stay behind the navy car that is to the front. Waypoints:
