step	idx	score	x	y	w	h	class
1	0	0.9902	-32.00	-40.00	0.00	0.00	0
1	1	0.9849	-32.00	-40.00	-0.00	0.00	0
1	2	0.9703	-32.00	-40.00	0.00	0.00	0
2	0	0.9905	-32.00	-40.00	0.00	0.00	0
2	1	0.9828	-32.00	-40.00	-0.00	0.00	0
2	2	0.9702	-32.00	-40.00	0.00	0.00	0
3	0	0.9897	-32.00	-40.00	0.00	0.00	0
3	1	0.9810	-32.00	-40.00	-0.00	0.00	0
3	2	0.9652	-32.00	-40.00	0.00	0.00	0
4	0	0.9887	-32.00	-40.00	0.00	0.00	0
4	1	0.9795	-32.00	-40.00	-0.00	0.00	0
4	2	0.9629	-32.00	-40.00	0.00	0.00	0
5	0	0.9893	-32.00	-40.00	0.00	0.00	0
5	1	0.9807	-32.00	-40.00	-0.00	0.00	0
5	2	0.9671	-32.00	-40.00	0.00	0.00	0
6	0	0.9900	-32.00	-40.00	0.00	0.00	0
6	1	0.9788	-32.00	-40.00	-0.00	0.00	0
7	0	0.9899	-32.00	-40.00	0.00	0.00	0
7	1	0.9796	-32.00	-40.00	-0.00	0.00	0
8	0	0.9896	-32.00	-40.00	0.00	0.00	0
8	1	0.9795	-32.00	-40.00	-0.00	0.00	0
9	0	0.9899	-32.00	-40.00	0.00	0.00	0
9	1	0.9808	-32.00	-40.00	-0.00	0.00	0
10	0	0.9899	-32.00	-40.00	0.00	0.00	0
10	1	0.9807	-32.00	-40.00	-0.00	0.00	0
11	0	0.9901	-32.00	-40.00	0.00	0.00	0
11	1	0.9814	-32.00	-40.00	-0.00	-0.00	0
12	0	0.9899	-32.00	-40.00	0.00	0.00	0
12	1	0.9812	-32.00	-40.00	-0.00	-0.00	0
13	0	0.9898	-32.00	-40.00	0.00	0.00	0
13	1	0.9806	-32.00	-40.00	-0.00	-0.00	0
14	0	0.9897	-32.00	-40.00	0.00	0.00	0
14	1	0.9798	-32.00	-40.00	-0.00	-0.00	0
15	0	0.9895	-32.00	-40.00	0.00	0.00	0
15	1	0.9797	-32.00	-40.00	-0.00	-0.00	0
16	0	0.9892	-32.00	-40.00	0.00	0.00	0
16	1	0.9797	-32.00	-40.00	-0.00	0.00	0
16	2	0.9686	-32.00	-40.00	0.00	0.00	0
17	0	0.9887	-32.00	-40.00	0.00	0.00	0
17	1	0.9816	-32.00	-40.00	-0.00	0.00	0
17	2	0.9688	-32.00	-40.00	0.00	0.00	0
18	0	0.9884	-32.00	-40.00	0.00	0.00	0
18	1	0.9811	-32.00	-40.00	-0.00	0.00	0
18	2	0.9679	-32.00	-40.00	0.00	0.00	0
19	0	0.9887	-32.00	-40.00	0.00	0.00	0
19	1	0.9823	-32.00	-40.00	-0.00	0.00	0
19	2	0.9709	-32.00	-40.00	0.00	0.00	0
20	0	0.9888	-32.00	-40.00	0.00	0.00	0
20	1	0.9820	-32.00	-40.00	-0.00	0.00	0
20	2	0.9723	-32.00	-40.00	0.00	0.00	0
21	0	0.9888	-32.00	-40.00	0.00	0.00	0
21	1	0.9829	-32.00	-40.00	-0.00	-0.00	0
22	0	0.9886	-32.00	-40.00	0.00	0.00	0
22	1	0.9829	-32.00	-40.00	-0.00	-0.00	0
23	0	0.9885	-32.00	-40.00	0.00	0.00	0
23	1	0.9822	-32.00	-40.00	-0.00	0.00	0
23	2	0.9665	-32.00	-40.00	0.00	0.00	0
24	0	0.9887	-32.00	-40.00	0.00	0.00	0
24	1	0.9829	-32.00	-40.00	-0.00	-0.00	0
24	2	0.9668	-32.00	-40.00	0.00	0.00	0
25	0	0.9890	-32.00	-40.00	0.00	0.00	0
25	1	0.9830	-32.00	-40.00	-0.00	-0.00	0
26	0	0.9889	-32.00	-40.00	0.00	0.00	0
26	1	0.9826	-32.00	-40.00	-0.00	-0.00	0
27	0	0.9882	-32.00	-40.00	0.01	0.00	0
27	1	0.9833	-32.00	-40.00	-0.00	-0.00	0
28	0	0.9882	-32.00	-40.00	0.00	0.00	0
28	1	0.9829	-32.00	-40.00	-0.00	0.00	0
29	0	0.9880	-32.00	-40.00	0.00	0.00	0
29	1	0.9839	-32.00	-40.00	-0.00	0.00	0
30	0	0.9883	-32.00	-40.00	0.01	0.00	0
30	1	0.9850	-32.00	-40.00	-0.00	-0.00	0
31	0	0.9881	-32.00	-40.00	0.01	0.00	0
31	1	0.9845	-32.00	-40.00	-0.00	-0.00	0
32	0	0.9894	-32.00	-40.00	0.00	0.00	0
32	1	0.9839	-32.00	-40.00	-0.00	-0.00	0
33	0	0.9878	-32.00	-40.00	0.01	0.00	0
33	1	0.9842	-32.00	-40.00	-0.00	0.00	0
34	0	0.9878	-32.00	-40.00	0.01	0.00	0
34	1	0.9838	-32.00	-40.00	-0.00	0.00	0
35	0	0.9878	-32.00	-40.00	0.01	0.00	0
35	1	0.9842	-32.00	-40.00	-0.00	0.00	0
35	2	0.9712	-32.00	-40.00	0.00	0.00	0
36	0	0.9884	-32.00	-40.00	0.01	0.00	0
36	1	0.9837	-32.00	-40.00	-0.00	0.00	0
37	0	0.9885	-32.00	-40.00	0.00	0.00	0
37	1	0.9833	-32.00	-40.00	-0.00	0.00	0
38	0	0.9881	-32.00	-40.00	0.01	0.00	0
38	1	0.9840	-32.00	-40.00	-0.00	0.00	0
39	0	0.9888	-32.00	-40.00	0.00	0.00	0
39	1	0.9830	-32.00	-40.00	0.00	0.00	0
40	0	0.9892	-32.00	-40.00	0.00	0.00	0
40	1	0.9834	-32.00	-40.00	0.00	0.00	0
41	0	0.9890	-32.00	-40.00	0.01	0.00	0
41	1	0.9832	-32.00	-40.00	0.00	0.00	0
42	0	0.9890	-32.00	-40.00	0.00	0.00	0
42	1	0.9829	-32.00	-40.00	-0.00	0.00	0
43	0	0.9885	-32.00	-40.00	0.01	0.00	0
43	1	0.9832	-32.00	-40.00	-0.00	0.00	0
44	0	0.9887	-32.00	-40.00	0.00	0.00	0
44	1	0.9840	-32.00	-40.00	-0.00	0.00	0
44	2	0.9754	-32.00	-40.00	0.00	0.00	0
45	0	0.9893	-32.00	-40.00	0.00	0.00	0
45	1	0.9851	-32.00	-40.00	-0.00	-0.00	0
46	0	0.9889	-32.00	-40.00	0.00	0.00	0
46	1	0.9851	-32.00	-40.00	-0.00	-0.00	0
46	2	0.9728	-32.00	-40.00	0.00	0.00	0
47	0	0.9891	-32.00	-40.00	0.00	0.00	0
47	1	0.9853	-32.00	-40.00	-0.00	-0.00	0
48	0	0.9889	-32.00	-40.00	0.00	0.00	0
48	1	0.9844	-32.00	-40.00	-0.00	-0.00	0
48	2	0.9729	-32.00	-40.00	0.00	0.00	0
49	0	0.9888	-32.00	-40.00	0.01	0.00	0
49	1	0.9834	-32.00	-40.00	-0.00	-0.00	0
49	2	0.9742	-32.00	-40.00	0.00	0.00	0
50	0	0.9889	-32.00	-40.00	0.00	0.00	0
50	1	0.9834	-32.00	-40.00	-0.00	-0.00	0
51	0	0.9893	-32.00	-40.00	0.00	0.00	0
51	1	0.9826	-32.00	-40.00	-0.00	0.00	0
51	2	0.9725	-32.00	-40.00	0.00	0.00	0
52	0	0.9894	-32.00	-40.00	0.00	0.00	0
52	1	0.9831	-32.00	-40.00	-0.00	-0.00	0
53	0	0.9896	-32.00	-40.00	0.01	0.00	0
53	1	0.9832	-32.00	-40.00	-0.00	0.00	0
53	2	0.9650	-32.00	-40.00	0.00	0.00	0
54	0	0.9899	-32.00	-40.00	0.01	0.00	0
54	1	0.9832	-32.00	-40.00	-0.00	-0.00	0
55	0	0.9907	-32.00	-40.00	0.00	0.00	0
55	1	0.9831	-32.00	-40.00	-0.00	-0.00	0
55	2	0.9674	-32.00	-40.00	0.00	0.00	0
56	0	0.9905	-32.00	-40.00	0.00	0.00	0
56	1	0.9835	-32.00	-40.00	-0.00	-0.00	0
56	2	0.9707	-32.00	-40.00	0.00	0.00	0
57	0	0.9903	-32.00	-40.00	0.00	0.00	0
57	1	0.9841	-32.00	-40.00	-0.00	-0.00	0
58	0	0.9905	-32.00	-40.00	0.00	0.00	0
58	1	0.9842	-32.00	-40.00	-0.00	-0.00	0
59	0	0.9903	-32.00	-40.00	0.00	0.00	0
59	1	0.9837	-32.00	-40.00	-0.00	-0.00	0
59	2	0.9751	-32.00	-40.00	0.00	0.00	0
60	0	0.9905	-32.00	-40.00	0.00	0.00	0
60	1	0.9836	-32.00	-40.00	-0.00	-0.00	0
60	2	0.9725	-32.00	-40.00	0.00	0.00	0
61	0	0.9907	-32.00	-40.00	0.00	0.00	0
61	1	0.9844	-32.00	-40.00	-0.00	-0.00	0
61	2	0.9746	-32.00	-40.00	0.00	0.00	0
62	0	0.9899	-32.00	-40.00	0.00	0.00	0
62	1	0.9853	-32.00	-40.00	-0.00	-0.00	0
63	0	0.9899	-32.00	-40.00	0.00	0.00	0
63	1	0.9855	-32.00	-40.00	-0.00	-0.00	0
63	2	0.9722	-32.00	-40.00	0.00	0.00	0
64	0	0.9898	-32.00	-40.00	0.00	0.00	0
64	1	0.9850	-32.00	-40.00	-0.00	-0.00	0
65	0	0.9894	-32.00	-40.00	0.00	0.00	0
65	1	0.9856	-32.00	-40.00	-0.00	0.00	0
66	0	0.9902	-32.00	-40.00	0.00	0.00	0
66	1	0.9847	-32.00	-40.00	-0.00	0.00	0
67	0	0.9902	-32.00	-40.00	0.00	0.00	0
67	1	0.9862	-32.00	-40.00	-0.00	0.00	0
68	0	0.9897	-32.00	-40.00	0.00	0.00	0
68	1	0.9855	-32.00	-40.00	0.00	0.00	0
68	2	0.9701	-32.00	-40.00	0.00	0.00	0
69	0	0.9896	-32.00	-40.00	0.00	0.00	0
69	1	0.9854	-32.00	-40.00	0.00	0.00	0
69	2	0.9718	-32.00	-40.00	0.00	0.00	0
70	0	0.9895	-32.00	-40.00	0.00	0.00	0
70	1	0.9869	-32.00	-40.00	-0.00	0.00	0
70	2	0.9728	-32.00	-40.00	0.00	0.00	0
71	0	0.9895	-32.00	-40.00	0.00	0.00	0
71	1	0.9866	-32.00	-40.00	-0.00	0.00	0
71	2	0.9691	-32.00	-40.00	0.00	0.00	0
72	0	0.9896	-32.00	-40.00	0.01	0.00	0
72	1	0.9864	-32.00	-40.00	-0.00	-0.00	0
72	2	0.9696	-32.00	-40.00	0.00	0.00	0
73	0	0.9891	-32.00	-40.00	0.01	0.00	0
73	1	0.9860	-32.00	-40.00	-0.00	-0.00	0
73	2	0.9688	-32.00	-40.00	0.00	0.00	0
74	0	0.9887	-32.00	-40.00	0.01	0.00	0
74	1	0.9858	-32.00	-40.00	-0.00	-0.00	0
74	2	0.9725	-32.00	-40.00	0.00	0.00	0
75	0	0.9890	-32.00	-40.00	0.00	0.00	0
75	1	0.9847	-32.00	-40.00	-0.00	-0.00	0
75	2	0.9699	-32.00	-40.00	0.00	0.00	0
76	0	0.9893	-32.00	-40.00	0.00	0.00	0
76	1	0.9848	-32.00	-40.00	-0.00	-0.00	0
76	2	0.9682	-32.00	-40.00	0.00	0.00	0
77	0	0.9895	-32.00	-40.00	0.00	0.00	0
77	1	0.9847	-32.00	-40.00	-0.00	0.00	0
77	2	0.9773	-32.00	-40.00	0.00	0.00	0
78	0	0.9893	-32.00	-40.00	0.00	0.00	0
78	1	0.9844	-32.00	-40.00	0.00	0.00	0
78	2	0.9733	-32.00	-40.00	0.00	0.00	0
79	0	0.9893	-32.00	-40.00	0.00	0.00	0
79	1	0.9844	-32.00	-40.00	-0.00	0.00	0
79	2	0.9721	-32.00	-40.00	0.00	0.00	0
80	0	0.9893	-32.00	-40.00	0.00	0.00	0
80	1	0.9844	-32.00	-40.00	-0.00	-0.00	0
80	2	0.9690	-32.00	-40.00	0.00	0.00	0
81	0	0.9891	-32.00	-40.00	0.00	0.00	0
81	1	0.9838	-32.00	-40.00	-0.00	0.00	0
82	0	0.9894	-32.00	-40.00	0.00	0.00	0
82	1	0.9841	-32.00	-40.00	-0.00	-0.00	0
83	0	0.9892	-32.00	-40.00	0.00	0.00	0
83	1	0.9841	-32.00	-40.00	-0.00	0.00	0
83	2	0.9727	-32.00	-40.00	0.00	0.00	0
84	0	0.9895	-32.00	-40.00	0.00	0.00	0
84	1	0.9825	-32.00	-40.00	0.00	0.00	0
84	2	0.9714	-32.00	-40.00	0.00	0.00	0
85	0	0.9899	-32.00	-40.00	0.00	0.00	0
85	1	0.9828	-32.00	-40.00	0.00	0.00	0
85	2	0.9700	-32.00	-40.00	0.00	0.00	0
86	0	0.9894	-32.00	-40.00	0.00	0.00	0
86	1	0.9820	-32.00	-40.00	0.00	0.00	0
86	2	0.9727	-32.00	-40.00	0.00	0.00	0
87	0	0.9895	-32.00	-40.00	0.01	0.00	0
87	1	0.9814	-32.00	-40.00	0.00	0.00	0
87	2	0.9705	-32.00	-40.00	0.00	0.00	0
88	0	0.9889	-32.00	-40.00	0.00	0.00	0
88	1	0.9806	-32.00	-40.00	0.00	0.00	0
89	0	0.9894	-32.00	-40.00	0.00	0.00	0
89	1	0.9807	-32.00	-40.00	0.00	0.00	0
90	0	0.9890	-32.00	-40.00	0.00	0.00	0
90	1	0.9816	-32.00	-40.00	0.00	0.00	0
91	0	0.9887	-32.00	-40.00	0.00	0.00	0
91	1	0.9815	-32.00	-40.00	-0.00	0.00	0
91	2	0.9662	-32.00	-40.00	0.00	0.00	0
92	0	0.9901	-32.00	-40.00	0.00	0.00	0
92	1	0.9809	-32.00	-40.00	-0.00	0.00	0
92	2	0.9703	-32.00	-40.00	0.00	0.00	0
93	0	0.9901	-32.00	-40.00	0.00	0.00	0
93	1	0.9823	-32.00	-40.00	-0.00	0.00	0
93	2	0.9652	-32.00	-40.00	0.00	0.00	0
94	0	0.9892	-32.00	-40.00	0.00	0.00	0
94	1	0.9832	-32.00	-40.00	-0.00	0.00	0
94	2	0.9670	-32.00	-40.00	0.00	0.00	0
95	0	0.9895	-32.00	-40.00	0.00	0.00	0
95	1	0.9831	-32.00	-40.00	-0.00	0.00	0
95	2	0.9700	-32.00	-40.00	0.00	0.00	0
96	0	0.9892	-32.00	-40.00	0.00	0.00	0
96	1	0.9838	-32.00	-40.00	-0.00	0.00	0
96	2	0.9734	-32.00	-40.00	0.00	0.00	0
97	0	0.9893	-32.00	-40.00	0.00	0.00	0
97	1	0.9832	-32.00	-40.00	-0.00	0.00	0
97	2	0.9752	-32.00	-40.00	0.00	0.00	0
98	0	0.9891	-32.00	-40.00	0.00	0.00	0
98	1	0.9836	-32.00	-40.00	-0.00	0.00	0
98	2	0.9738	-32.00	-40.00	0.00	0.00	0
99	0	0.9889	-32.00	-40.00	0.01	0.00	0
99	1	0.9827	-32.00	-40.00	-0.00	0.00	0
99	2	0.9719	-32.00	-40.00	0.00	0.00	0
100	0	0.9895	-32.00	-40.00	0.00	0.00	0
100	1	0.9830	-32.00	-40.00	-0.00	-0.00	0
100	2	0.9763	-32.00	-40.00	0.00	0.00	0
101	0	0.9890	-32.00	-40.00	0.01	0.00	0
101	1	0.9817	-32.00	-40.00	-0.00	-0.00	0
101	2	0.9757	-32.00	-40.00	0.00	0.00	0
102	0	0.9896	-32.00	-40.00	0.01	0.00	0
102	1	0.9800	-32.00	-40.00	-0.00	-0.00	0
102	2	0.9702	-32.00	-40.00	0.00	0.00	0
103	0	0.9894	-32.00	-40.00	0.01	0.00	0
103	1	0.9820	-32.00	-40.00	-0.00	-0.00	0
104	0	0.9892	-32.00	-40.00	0.01	0.00	0
104	1	0.9822	-32.00	-40.00	-0.00	-0.00	0
105	0	0.9890	-32.00	-40.00	0.01	0.00	0
105	1	0.9814	-32.00	-40.00	-0.00	0.00	0
105	2	0.9677	-32.00	-40.00	0.00	0.00	0
106	0	0.9892	-32.00	-40.00	0.00	0.00	0
106	1	0.9810	-32.00	-40.00	-0.00	-0.00	0
107	0	0.9895	-32.00	-40.00	0.00	0.00	0
107	1	0.9815	-32.00	-40.00	-0.00	-0.00	0
107	2	0.9589	-32.00	-40.00	0.00	0.00	0
108	0	0.9897	-32.00	-40.00	0.00	0.00	0
108	1	0.9827	-32.00	-40.00	-0.00	-0.00	0
108	2	0.9631	-32.00	-40.00	0.00	0.00	0
109	0	0.9896	-32.00	-40.00	0.00	0.00	0
109	1	0.9816	-32.00	-40.00	-0.00	-0.00	0
110	0	0.9891	-32.00	-40.00	0.00	0.00	0
110	1	0.9814	-32.00	-40.00	-0.00	-0.00	0
110	2	0.9609	-32.00	-40.00	0.00	0.00	0
111	0	0.9900	-32.00	-40.00	0.00	0.00	0
111	1	0.9817	-32.00	-40.00	-0.00	-0.00	0
112	0	0.9903	-32.00	-40.00	0.00	0.00	0
112	1	0.9806	-32.00	-40.00	-0.00	0.00	0
112	2	0.9602	-32.00	-40.00	0.00	0.00	0
113	0	0.9899	-32.00	-40.00	0.00	0.00	0
113	1	0.9800	-32.00	-40.00	-0.00	0.00	0
114	0	0.9904	-32.00	-40.00	0.00	0.00	0
114	1	0.9788	-32.00	-40.00	-0.00	0.00	0
115	0	0.9902	-32.00	-40.00	0.00	0.00	0
115	1	0.9783	-32.00	-40.00	-0.00	0.00	0
115	2	0.9674	-32.00	-40.00	0.00	0.00	0
116	0	0.9894	-32.00	-40.00	0.00	0.00	0
116	1	0.9795	-32.00	-40.00	-0.00	0.00	0
116	2	0.9679	-32.00	-40.00	0.00	0.00	0
117	0	0.9899	-32.00	-40.00	0.00	0.00	0
117	1	0.9799	-32.00	-40.00	-0.00	0.00	0
117	2	0.9649	-32.00	-40.00	0.00	0.00	0
118	0	0.9897	-32.00	-40.00	0.00	0.00	0
118	1	0.9810	-32.00	-40.00	-0.00	0.00	0
119	0	0.9906	-32.00	-40.00	0.00	0.00	0
119	1	0.9844	-32.00	-40.00	-0.00	0.00	0
119	2	0.9612	-32.00	-40.00	0.00	0.00	0
120	0	0.9911	-32.00	-40.00	0.00	0.00	0
120	1	0.9837	-32.00	-40.00	-0.00	0.00	0
120	2	0.9629	-32.00	-40.00	0.00	0.00	0
121	0	0.9908	-32.00	-40.00	0.00	0.00	0
121	1	0.9828	-32.00	-40.00	-0.00	0.00	0
121	2	0.9656	-32.00	-40.00	0.00	0.00	0
122	0	0.9902	-32.00	-40.00	0.00	0.00	0
122	1	0.9838	-32.00	-40.00	-0.00	-0.00	0
122	2	0.9681	-32.00	-40.00	0.00	0.00	0
123	0	0.9900	-32.00	-40.00	0.00	0.00	0
123	1	0.9854	-32.00	-40.00	-0.00	-0.00	0
123	2	0.9684	-32.00	-40.00	0.00	0.00	0
124	0	0.9899	-32.00	-40.00	0.00	0.00	0
124	1	0.9853	-32.00	-40.00	-0.00	-0.00	0
124	2	0.9708	-32.00	-40.00	0.00	0.00	0
125	0	0.9900	-32.00	-40.00	0.00	0.00	0
125	1	0.9843	-32.00	-40.00	-0.00	-0.00	0
126	0	0.9902	-32.00	-40.00	0.00	0.00	0
126	1	0.9849	-32.00	-40.00	-0.00	-0.00	0
126	2	0.9662	-32.00	-40.00	0.00	0.00	0
127	0	0.9900	-32.00	-40.00	0.00	0.00	0
127	1	0.9844	-32.00	-40.00	-0.00	-0.00	0
127	2	0.9708	-32.00	-40.00	0.00	0.00	0
128	0	0.9896	-32.00	-40.00	0.00	0.00	0
128	1	0.9844	-32.00	-40.00	-0.00	-0.00	0
128	2	0.9672	-32.00	-40.00	0.00	0.00	0
129	0	0.9892	-32.00	-40.00	0.00	0.00	0
129	1	0.9830	-32.00	-40.00	-0.00	-0.00	0
129	2	0.9647	-32.00	-40.00	0.00	0.00	0
130	0	0.9900	-32.00	-40.00	0.00	0.00	0
130	1	0.9821	-32.00	-40.00	-0.00	0.00	0
130	2	0.9673	-32.00	-40.00	0.00	0.00	0
131	0	0.9908	-32.00	-40.00	0.00	0.00	0
131	1	0.9808	-32.00	-40.00	0.00	0.00	0
132	0	0.9903	-32.00	-40.00	0.00	0.00	0
132	1	0.9823	-32.00	-40.00	0.00	0.00	0
133	0	0.9910	-32.00	-40.00	0.00	0.00	0
133	1	0.9834	-32.00	-40.00	0.00	0.00	0
134	0	0.9915	-32.00	-40.00	0.00	0.00	0
134	1	0.9835	-32.00	-40.00	0.00	0.00	0
135	0	0.9914	-32.00	-40.00	0.00	0.00	0
135	1	0.9847	-32.00	-40.00	0.00	0.00	0
135	2	0.9777	-32.00	-40.00	0.00	0.00	0
136	0	0.9907	-32.00	-40.00	0.00	0.00	0
136	1	0.9842	-32.00	-40.00	-0.00	0.00	0
136	2	0.9775	-32.00	-40.00	0.00	0.00	0
137	0	0.9907	-32.00	-40.00	0.00	0.00	0
137	1	0.9837	-32.00	-40.00	-0.00	-0.00	0
137	2	0.9768	-32.00	-40.00	0.00	0.00	0
138	0	0.9906	-32.00	-40.00	0.00	0.00	0
138	1	0.9841	-32.00	-40.00	-0.00	-0.00	0
139	0	0.9903	-32.00	-40.00	0.00	0.00	0
139	1	0.9835	-32.00	-40.00	-0.00	-0.00	0
140	0	0.9902	-32.00	-40.00	0.00	0.00	0
140	1	0.9836	-32.00	-40.00	-0.00	-0.00	0
141	0	0.9901	-32.00	-40.00	0.00	0.00	0
141	1	0.9841	-32.00	-40.00	-0.00	0.00	0
142	0	0.9887	-32.00	-40.00	0.00	0.00	0
142	1	0.9829	-32.00	-40.00	-0.00	-0.00	0
143	0	0.9896	-32.00	-40.00	0.00	0.00	0
143	1	0.9840	-32.00	-40.00	-0.00	0.00	0
144	0	0.9901	-32.00	-40.00	0.01	0.00	0
144	1	0.9860	-32.00	-40.00	-0.00	0.00	0
144	2	0.9761	-32.00	-40.00	0.00	0.00	0
145	0	0.9902	-32.00	-40.00	0.00	0.00	0
145	1	0.9853	-32.00	-40.00	0.00	0.00	0
145	2	0.9749	-32.00	-40.00	0.00	0.00	0
146	0	0.9900	-32.00	-40.00	0.00	0.00	0
146	1	0.9853	-32.00	-40.00	0.00	0.00	0
146	2	0.9778	-32.00	-40.00	0.00	0.00	0
147	0	0.9902	-32.00	-40.00	0.00	0.00	0
147	1	0.9835	-32.00	-40.00	0.00	0.00	0
147	2	0.9779	-32.00	-40.00	0.00	0.00	0
148	0	0.9901	-32.00	-40.00	0.00	0.00	0
148	1	0.9849	-32.00	-40.00	0.00	0.00	0
148	2	0.9767	-32.00	-40.00	0.00	0.00	0
149	0	0.9895	-32.00	-40.00	0.00	0.00	0
149	1	0.9850	-32.00	-40.00	-0.00	0.00	0
149	2	0.9746	-32.00	-40.00	0.00	0.00	0
150	0	0.9896	-32.00	-40.00	0.00	0.00	0
150	1	0.9852	-32.00	-40.00	-0.00	0.00	0
150	2	0.9727	-32.00	-40.00	0.00	0.00	0
151	0	0.9883	-32.00	-40.00	0.00	0.00	0
151	1	0.9859	-32.00	-40.00	0.00	0.00	0
152	0	0.9880	-32.00	-40.00	0.00	0.00	0
152	1	0.9837	-32.00	-40.00	0.00	0.00	0
153	0	0.9885	-32.00	-40.00	0.00	0.00	0
153	1	0.9845	-32.00	-40.00	0.00	0.00	0
154	0	0.9885	-32.00	-40.00	0.00	0.00	0
154	1	0.9845	-32.00	-40.00	0.00	0.00	0
154	2	0.9679	-32.00	-40.00	0.00	0.00	0
155	0	0.9883	-32.00	-40.00	0.00	0.00	0
155	1	0.9849	-32.00	-40.00	0.00	0.00	0
155	2	0.9719	-32.00	-40.00	0.00	0.00	0
156	0	0.9885	-32.00	-40.00	0.00	0.00	0
156	1	0.9853	-32.00	-40.00	-0.00	0.00	0
156	2	0.9719	-32.00	-40.00	0.00	0.00	0
157	0	0.9882	-32.00	-40.00	0.00	0.00	0
157	1	0.9856	-32.00	-40.00	0.00	0.00	0
157	2	0.9720	-32.00	-40.00	0.00	0.00	0
158	0	0.9883	-32.00	-40.00	0.00	0.00	0
158	1	0.9845	-32.00	-40.00	0.00	0.00	0
158	2	0.9730	-32.00	-40.00	0.00	0.00	0
159	0	0.9880	-32.00	-40.00	0.00	0.00	0
159	1	0.9838	-32.00	-40.00	0.00	0.00	0
159	2	0.9762	-32.00	-40.00	0.00	0.00	0
160	0	0.9878	-32.00	-40.00	0.00	0.00	0
160	1	0.9854	-32.00	-40.00	0.00	0.00	0
160	2	0.9705	-32.00	-40.00	0.00	0.00	0
161	0	0.9880	-32.00	-40.00	0.00	0.00	0
161	1	0.9841	-32.00	-40.00	0.00	0.00	0
162	0	0.9885	-32.00	-40.00	0.00	0.00	0
162	1	0.9853	-32.00	-40.00	-0.00	0.00	0
162	2	0.9733	-32.00	-40.00	0.00	0.00	0
163	0	0.9883	-32.00	-40.00	0.00	0.00	0
163	1	0.9854	-32.00	-40.00	-0.00	0.00	0
163	2	0.9723	-32.00	-40.00	0.00	0.00	0
164	0	0.9887	-32.00	-40.00	0.00	0.00	0
164	1	0.9851	-32.00	-40.00	-0.00	0.00	0
165	0	0.9893	-32.00	-40.00	0.00	0.00	0
165	1	0.9854	-32.00	-40.00	-0.00	0.00	0
166	0	0.9890	-32.00	-40.00	0.00	0.00	0
166	1	0.9857	-32.00	-40.00	-0.00	-0.00	0
166	2	0.9725	-32.00	-40.00	0.00	0.00	0
167	0	0.9893	-32.00	-40.00	0.00	0.00	0
167	1	0.9850	-32.00	-40.00	-0.00	0.00	0
167	2	0.9734	-32.00	-40.00	0.00	0.00	0
168	0	0.9895	-32.00	-40.00	0.00	0.00	0
168	1	0.9865	-32.00	-40.00	0.00	0.00	0
168	2	0.9737	-32.00	-40.00	0.00	0.00	0
169	0	0.9900	-32.00	-40.00	0.00	0.00	0
169	1	0.9852	-32.00	-40.00	0.00	0.00	0
169	2	0.9746	-32.00	-40.00	0.00	0.00	0
170	0	0.9893	-32.00	-40.00	0.00	0.00	0
170	1	0.9874	-32.00	-40.00	0.00	0.00	0
170	2	0.9745	-32.00	-40.00	0.00	0.00	0
171	0	0.9891	-32.00	-40.00	0.00	0.00	0
171	1	0.9884	-32.00	-40.00	0.00	0.00	0
171	2	0.9759	-32.00	-40.00	0.00	0.00	0
172	0	0.9905	-32.00	-40.00	0.00	0.00	0
172	1	0.9877	-32.00	-40.00	0.00	0.00	0
172	2	0.9780	-32.00	-40.00	0.00	0.00	0
173	0	0.9894	-32.00	-40.00	0.00	0.00	0
173	1	0.9866	-32.00	-40.00	-0.00	0.00	0
173	2	0.9760	-32.00	-40.00	-0.00	0.00	0
174	0	0.9892	-32.00	-40.00	0.00	0.00	0
174	1	0.9862	-32.00	-40.00	-0.00	0.00	0
174	2	0.9763	-32.00	-40.00	-0.00	0.00	0
175	0	0.9893	-32.00	-40.00	0.00	0.00	0
175	1	0.9873	-32.00	-40.00	-0.00	0.00	0
175	2	0.9764	-32.00	-40.00	0.00	0.00	0
176	0	0.9896	-32.00	-40.00	0.00	0.00	0
176	1	0.9861	-32.00	-40.00	0.00	0.00	0
176	2	0.9771	-32.00	-40.00	0.00	0.00	0
177	0	0.9891	-32.00	-40.00	0.00	0.00	0
177	1	0.9864	-32.00	-40.00	0.00	0.00	0
177	2	0.9770	-32.00	-40.00	0.00	0.00	0
178	0	0.9889	-32.00	-40.00	0.00	0.00	0
178	1	0.9855	-32.00	-40.00	0.00	0.00	0
178	2	0.9780	-32.00	-40.00	0.00	0.00	0
179	0	0.9898	-32.00	-40.00	0.00	0.00	0
179	1	0.9860	-32.00	-40.00	0.00	0.00	0
180	0	0.9894	-32.00	-40.00	0.00	0.00	0
180	1	0.9860	-32.00	-40.00	0.00	0.00	0
181	0	0.9900	-32.00	-40.00	0.00	0.00	0
181	1	0.9851	-32.00	-40.00	0.00	0.00	0
182	0	0.9900	-32.00	-40.00	0.00	0.00	0
182	1	0.9803	-32.00	-40.00	0.00	0.00	0
183	0	0.9900	-32.00	-40.00	0.00	0.00	0
183	1	0.9802	-32.00	-40.00	0.00	0.00	0
184	0	0.9900	-32.00	-40.00	0.00	0.00	0
184	1	0.9791	-32.00	-40.00	0.00	0.00	0
185	0	0.9906	-32.00	-40.00	0.00	0.00	0
185	1	0.9839	-32.00	-40.00	0.00	0.00	0
185	2	0.9792	-32.00	-40.00	0.00	0.00	0
186	0	0.9906	-32.00	-40.00	0.00	0.00	0
186	1	0.9828	-32.00	-40.00	0.00	0.00	0
186	2	0.9776	-32.00	-40.00	0.00	0.00	0
187	0	0.9902	-32.00	-40.00	0.00	0.00	0
187	1	0.9841	-32.00	-40.00	0.00	0.00	0
187	2	0.9741	-32.00	-40.00	-0.00	0.00	0
188	0	0.9903	-32.00	-40.00	0.00	0.00	0
188	1	0.9854	-32.00	-40.00	0.00	0.00	0
188	2	0.9739	-32.00	-40.00	0.00	0.00	0
189	0	0.9905	-32.00	-40.00	0.00	0.00	0
189	1	0.9859	-32.00	-40.00	0.00	0.00	0
190	0	0.9904	-32.00	-40.00	0.00	0.00	0
190	1	0.9861	-32.00	-40.00	0.00	0.00	0
191	0	0.9907	-32.00	-40.00	0.00	0.00	0
191	1	0.9851	-32.00	-40.00	0.00	0.00	0
192	0	0.9911	-32.00	-40.00	0.00	0.00	0
192	1	0.9860	-32.00	-40.00	0.00	0.00	0
193	0	0.9909	-32.00	-40.00	0.00	0.00	0
193	1	0.9870	-32.00	-40.00	0.00	0.00	0
194	0	0.9907	-32.00	-40.00	0.00	0.00	0
194	1	0.9872	-32.00	-40.00	0.00	0.00	0
195	0	0.9904	-32.00	-40.00	0.00	0.00	0
195	1	0.9864	-32.00	-40.00	0.00	0.00	0
196	0	0.9905	-32.00	-40.00	0.00	0.00	0
196	1	0.9852	-32.00	-40.00	0.00	0.00	0
197	0	0.9902	-32.00	-40.00	0.00	0.00	0
197	1	0.9859	-32.00	-40.00	0.00	0.00	0
197	2	0.9776	-32.00	-40.00	0.00	0.00	0
198	0	0.9905	-32.00	-40.00	0.00	0.00	0
199	0	0.9909	-32.00	-40.00	0.00	0.00	0
199	1	0.9845	-32.00	-40.00	0.00	0.00	0
200	0	0.9906	-32.00	-40.00	0.00	0.00	0
200	1	0.9844	-32.00	-40.00	0.00	0.00	0
200	2	0.9726	-32.00	-40.00	0.00	0.00	0
201	0	0.9907	-32.00	-40.00	0.00	0.00	0
201	1	0.9853	-32.00	-40.00	-0.00	0.00	0
201	2	0.9779	-32.00	-40.00	0.00	0.00	0
202	0	0.9906	-32.00	-40.00	0.00	0.00	0
202	1	0.9844	-32.00	-40.00	0.00	0.00	0
203	0	0.9903	-32.00	-40.00	0.00	0.00	0
203	1	0.9842	-32.00	-40.00	0.00	0.00	0
204	0	0.9904	-32.00	-40.00	0.00	0.00	0
204	1	0.9836	-32.00	-40.00	0.00	0.00	0
205	0	0.9905	-32.00	-40.00	0.00	0.00	0
205	1	0.9821	-32.00	-40.00	0.00	0.00	0
205	2	0.9630	-32.00	-40.00	0.00	0.00	0
206	0	0.9903	-32.00	-40.00	0.00	0.00	0
206	1	0.9846	-32.00	-40.00	0.00	0.00	0
207	0	0.9900	-32.00	-40.00	0.00	0.00	0
207	1	0.9857	-32.00	-40.00	0.00	0.00	0
207	2	0.9678	-32.00	-40.00	0.00	0.00	0
208	0	0.9896	-32.00	-40.00	0.00	0.00	0
208	1	0.9850	-32.00	-40.00	0.00	0.00	0
209	0	0.9897	-32.00	-40.00	0.00	0.00	0
209	1	0.9845	-32.00	-40.00	0.00	0.00	0
210	0	0.9895	-32.00	-40.00	0.00	0.00	0
210	1	0.9864	-32.00	-40.00	0.00	0.00	0
211	0	0.9882	-32.00	-40.00	0.00	0.00	0
211	1	0.9868	-32.00	-40.00	-0.00	0.00	0
211	2	0.9692	-32.00	-40.00	0.00	0.00	0
212	0	0.9877	-32.00	-40.00	0.00	0.00	0
212	1	0.9821	-32.00	-40.00	0.00	0.00	0
212	2	0.9631	-32.00	-40.00	0.00	0.00	0
213	0	0.9886	-32.00	-40.00	0.00	0.00	0
213	1	0.9860	-32.00	-40.00	-0.00	0.00	0
213	2	0.9629	-32.00	-40.00	0.00	0.00	0
214	0	0.9894	-32.00	-40.00	0.00	0.00	0
214	1	0.9835	-32.00	-40.00	0.00	0.00	0
214	2	0.9606	-32.00	-40.00	0.00	0.00	0
215	0	0.9897	-32.00	-40.00	0.00	0.00	0
215	1	0.9821	-32.00	-40.00	0.00	0.00	0
215	2	0.9630	-32.00	-40.00	0.00	0.00	0
216	0	0.9895	-32.00	-40.00	0.01	0.00	0
216	1	0.9817	-32.00	-40.00	0.00	0.00	0
217	0	0.9902	-32.00	-40.00	0.01	0.00	0
217	1	0.9815	-32.00	-40.00	0.00	0.00	0
217	2	0.9671	-32.00	-40.00	0.00	0.00	0
218	0	0.9905	-32.00	-40.00	0.01	0.00	0
218	1	0.9783	-32.00	-40.00	0.00	0.00	0
219	0	0.9907	-32.00	-40.00	0.01	0.00	0
219	1	0.9796	-32.00	-40.00	-0.00	0.00	0
219	2	0.9624	-32.00	-40.00	0.00	0.00	0
220	0	0.9903	-32.00	-40.00	0.01	0.00	0
220	1	0.9780	-32.00	-40.00	0.00	0.00	0
220	2	0.9678	-32.00	-40.00	0.00	0.00	0
221	0	0.9904	-32.00	-40.00	0.01	0.00	0
221	1	0.9791	-32.00	-40.00	0.00	0.00	0
222	0	0.9904	-32.00	-40.00	0.01	0.00	0
222	1	0.9811	-32.00	-40.00	0.00	0.00	0
223	0	0.9909	-32.00	-40.00	0.01	0.00	0
223	1	0.9825	-32.00	-40.00	0.00	0.00	0
223	2	0.9579	-32.00	-40.00	0.00	0.00	0
224	0	0.9901	-32.00	-40.00	0.01	0.00	0
224	1	0.9812	-32.00	-40.00	0.00	0.00	0
225	0	0.9922	-32.00	-40.00	0.00	0.00	0
225	1	0.9830	-32.00	-40.00	0.00	0.00	0
226	0	0.9912	-32.00	-40.00	0.01	0.00	0
226	1	0.9814	-32.00	-40.00	0.00	0.00	0
227	0	0.9897	-32.00	-40.00	0.01	0.00	0
227	1	0.9821	-32.00	-40.00	0.00	0.00	0
227	2	0.9683	-32.00	-40.00	0.00	0.00	0
228	0	0.9895	-32.00	-40.00	0.01	0.00	0
228	1	0.9838	-32.00	-40.00	0.00	0.00	0
228	2	0.9709	-32.00	-40.00	0.00	0.00	0
229	0	0.9904	-32.00	-40.00	0.00	0.00	0
229	1	0.9846	-32.00	-40.00	0.00	0.00	0
229	2	0.9710	-32.00	-40.00	0.00	0.00	0
230	0	0.9891	-32.00	-40.00	0.00	0.00	0
230	1	0.9836	-32.00	-40.00	0.00	0.00	0
231	0	0.9892	-32.00	-40.00	0.00	0.00	0
231	1	0.9856	-32.00	-40.00	-0.00	0.00	0
232	0	0.9893	-32.00	-40.00	0.00	0.00	0
232	1	0.9835	-32.00	-40.00	0.00	0.00	0
233	0	0.9896	-32.00	-40.00	0.00	0.00	0
233	1	0.9838	-32.00	-40.00	-0.00	0.00	0
234	0	0.9898	-32.00	-40.00	0.00	0.00	0
234	1	0.9847	-32.00	-40.00	-0.00	0.00	0
235	0	0.9896	-32.00	-40.00	0.00	0.00	0
235	1	0.9843	-32.00	-40.00	-0.00	0.00	0
236	0	0.9891	-32.00	-40.00	0.00	0.00	0
236	1	0.9835	-32.00	-40.00	0.00	0.00	0
237	0	0.9889	-32.00	-40.00	0.00	0.00	0
237	1	0.9835	-32.00	-40.00	0.00	0.00	0
238	0	0.9887	-32.00	-40.00	0.00	0.00	0
238	1	0.9828	-32.00	-40.00	0.00	0.00	0
239	0	0.9887	-32.00	-40.00	0.00	0.00	0
239	1	0.9830	-32.00	-40.00	0.00	0.00	0
240	0	0.9881	-32.00	-40.00	0.00	0.00	0
240	1	0.9817	-32.00	-40.00	0.00	0.00	0
241	0	0.9885	-32.00	-40.00	0.00	0.00	0
241	1	0.9825	-32.00	-40.00	0.00	0.00	0
242	0	0.9887	-32.00	-40.00	0.00	0.00	0
242	1	0.9829	-32.00	-40.00	0.00	0.00	0
243	0	0.9883	-32.00	-40.00	0.00	0.00	0
243	1	0.9826	-32.00	-40.00	0.00	0.00	0
244	0	0.9883	-32.00	-40.00	0.00	0.00	0
244	1	0.9841	-32.00	-40.00	0.00	0.00	0
245	0	0.9887	-32.00	-40.00	0.00	0.00	0
245	1	0.9833	-32.00	-40.00	0.00	0.00	0
246	0	0.9883	-32.00	-40.00	0.00	0.00	0
246	1	0.9833	-32.00	-40.00	0.00	0.00	0
247	0	0.9882	-32.00	-40.00	0.00	0.00	0
247	1	0.9840	-32.00	-40.00	0.00	0.00	0
248	0	0.9886	-32.00	-40.00	0.00	0.00	0
248	1	0.9843	-32.00	-40.00	0.00	0.00	0
249	0	0.9882	-32.00	-40.00	0.00	0.00	0
249	1	0.9837	-32.00	-40.00	0.00	0.00	0
250	0	0.9885	-32.00	-40.00	0.00	0.00	0
250	1	0.9838	-32.00	-40.00	0.00	0.00	0
251	0	0.9888	-32.00	-40.00	0.00	0.00	0
251	1	0.9839	-32.00	-40.00	0.00	0.00	0
252	0	0.9884	-32.00	-40.00	0.00	0.00	0
252	1	0.9836	-32.00	-40.00	0.00	0.00	0
253	0	0.9888	-32.00	-40.00	0.00	0.00	0
253	1	0.9828	-32.00	-40.00	0.00	0.00	0
254	0	0.9881	-32.00	-40.00	0.00	0.00	0
254	1	0.9829	-32.00	-40.00	0.00	0.00	0
255	0	0.9881	-32.00	-40.00	0.00	0.00	0
255	1	0.9827	-32.00	-40.00	0.00	0.00	0
256	0	0.9888	-32.00	-40.00	0.00	0.00	0
256	1	0.9838	-32.00	-40.00	0.00	0.00	0
257	0	0.9887	-32.00	-40.00	0.00	0.00	0
257	1	0.9845	-32.00	-40.00	0.00	0.00	0
258	0	0.9882	-32.00	-40.00	0.00	0.00	0
258	1	0.9835	-32.00	-40.00	0.00	0.00	0
259	0	0.9884	-32.00	-40.00	0.00	0.00	0
259	1	0.9839	-32.00	-40.00	-0.00	0.00	0
260	0	0.9883	-32.00	-40.00	0.00	0.00	0
260	1	0.9838	-32.00	-40.00	0.00	0.00	0
261	0	0.9889	-32.00	-40.00	0.00	0.00	0
261	1	0.9829	-32.00	-40.00	0.00	0.00	0
262	0	0.9884	-32.00	-40.00	0.00	0.00	0
262	1	0.9832	-32.00	-40.00	0.00	0.00	0
263	0	0.9884	-32.00	-40.00	0.00	0.00	0
263	1	0.9833	-32.00	-40.00	0.00	0.00	0
264	0	0.9888	-32.00	-40.00	0.00	0.00	0
264	1	0.9840	-32.00	-40.00	0.00	0.00	0
265	0	0.9885	-32.00	-40.00	0.00	0.00	0
265	1	0.9838	-32.00	-40.00	0.00	0.00	0
266	0	0.9883	-32.00	-40.00	0.00	0.00	0
266	1	0.9832	-32.00	-40.00	0.00	0.00	0
267	0	0.9884	-32.00	-40.00	0.00	0.00	0
267	1	0.9833	-32.00	-40.00	0.00	0.00	0
268	0	0.9887	-32.00	-40.00	0.00	0.00	0
268	1	0.9835	-32.00	-40.00	0.00	0.00	0
269	0	0.9889	-32.00	-40.00	0.00	0.00	0
269	1	0.9826	-32.00	-40.00	0.00	0.00	0
270	0	0.9884	-32.00	-40.00	0.00	0.00	0
270	1	0.9827	-32.00	-40.00	0.00	0.00	0
271	0	0.9882	-32.00	-40.00	0.00	0.00	0
271	1	0.9826	-32.00	-40.00	0.00	0.00	0
272	0	0.9888	-32.00	-40.00	0.00	0.00	0
272	1	0.9832	-32.00	-40.00	0.00	0.00	0
273	0	0.9889	-32.00	-40.00	0.00	0.00	0
273	1	0.9837	-32.00	-40.00	0.00	0.00	0
274	0	0.9886	-32.00	-40.00	0.00	0.00	0
274	1	0.9829	-32.00	-40.00	0.00	0.00	0
275	0	0.9886	-32.00	-40.00	0.00	0.00	0
275	1	0.9833	-32.00	-40.00	-0.00	0.00	0
276	0	0.9888	-32.00	-40.00	0.00	0.00	0
276	1	0.9837	-32.00	-40.00	0.00	0.00	0
277	0	0.9891	-32.00	-40.00	0.00	0.00	0
277	1	0.9824	-32.00	-40.00	0.00	0.00	0
278	0	0.9886	-32.00	-40.00	0.00	0.00	0
278	1	0.9833	-32.00	-40.00	0.00	0.00	0
279	0	0.9884	-32.00	-40.00	0.00	0.00	0
279	1	0.9830	-32.00	-40.00	0.00	0.00	0
280	0	0.9892	-32.00	-40.00	0.00	0.00	0
280	1	0.9837	-32.00	-40.00	0.00	0.00	0
281	0	0.9891	-32.00	-40.00	0.00	0.00	0
281	1	0.9835	-32.00	-40.00	0.00	0.00	0
282	0	0.9887	-32.00	-40.00	0.00	0.00	0
282	1	0.9828	-32.00	-40.00	0.00	0.00	0
283	0	0.9890	-32.00	-40.00	0.00	0.00	0
283	1	0.9829	-32.00	-40.00	-0.00	0.00	0
284	0	0.9891	-32.00	-40.00	0.00	0.00	0
284	1	0.9827	-32.00	-40.00	0.00	0.00	0
285	0	0.9892	-32.00	-40.00	0.00	0.00	0
285	1	0.9823	-32.00	-40.00	0.00	0.00	0
286	0	0.9885	-32.00	-40.00	0.00	0.00	0
286	1	0.9827	-32.00	-40.00	0.00	0.00	0
287	0	0.9884	-32.00	-40.00	0.00	0.00	0
287	1	0.9829	-32.00	-40.00	0.00	0.00	0
288	0	0.9889	-32.00	-40.00	0.00	0.00	0
288	1	0.9839	-32.00	-40.00	0.00	0.00	0
289	0	0.9891	-32.00	-40.00	0.00	0.00	0
289	1	0.9837	-32.00	-40.00	0.00	0.00	0
290	0	0.9888	-32.00	-40.00	0.00	0.00	0
290	1	0.9828	-32.00	-40.00	0.00	0.00	0
291	0	0.9888	-32.00	-40.00	0.00	0.00	0
291	1	0.9830	-32.00	-40.00	-0.00	0.00	0
292	0	0.9886	-32.00	-40.00	0.00	0.00	0
292	1	0.9832	-32.00	-40.00	0.00	0.00	0
293	0	0.9886	-32.00	-40.00	0.00	0.00	0
293	1	0.9834	-32.00	-40.00	0.00	0.00	0
294	0	0.9885	-32.00	-40.00	0.00	0.00	0
294	1	0.9829	-32.00	-40.00	0.00	0.00	0
295	0	0.9880	-32.00	-40.00	0.00	0.00	0
295	1	0.9832	-32.00	-40.00	-0.00	0.00	0
296	0	0.9885	-32.00	-40.00	0.00	0.00	0
296	1	0.9845	-32.00	-40.00	0.00	0.00	0
297	0	0.9885	-32.00	-40.00	0.00	0.00	0
297	1	0.9843	-32.00	-40.00	0.00	0.00	0
298	0	0.9882	-32.00	-40.00	0.00	0.00	0
298	1	0.9834	-32.00	-40.00	0.00	0.00	0
299	0	0.9884	-32.00	-40.00	0.00	0.00	0
299	1	0.9838	-32.00	-40.00	-0.00	0.00	0
